Batsman,Runs,fantasy_points,4s,6s,Balls,SR,recent_form
AB de Villiers,13868,15937,1239,415,13545,102.38464377999262,13868
Aakash Chopra,53,60,7,0,71,74.64788732394366,53
Aamer Yamin,47,55,4,2,33,142.42424242424244,47
Aaron Ayre,0,0,0,0,1,0.0,0
Aaron Finch,12047,14001,1186,384,11257,107.0178555565426,12047
Aaron Hardie,74,81,5,1,76,97.36842105263158,74
Aaron Heal,1,1,0,0,3,33.33333333333333,1
Aaron O'Brien,68,75,3,2,68,100.0,68
Aaron Phangiso,84,89,5,0,150,56.00000000000001,84
Aaron Redmond,262,304,36,3,473,55.391120507399584,262
Abdool Samad,42,49,5,1,55,76.36363636363637,42
Abdul Razzaq,933,1077,80,32,1035,90.14492753623189,933
Abdul Samad,111,131,8,6,65,170.76923076923077,111
Abdullah Shafique,0,0,0,0,4,0.0,0
Abdur Razzak,198,223,17,4,277,71.48014440433214,198
Abdur Rehman,101,114,9,2,243,41.56378600823045,101
Abhimanyu Mithun,203,235,22,5,322,63.04347826086957,203
Abhinav Mukund,319,353,32,1,692,46.09826589595375,319
Abhishek Jhunjhunwala,217,246,19,5,210,103.33333333333334,217
Abhishek Nayar,671,766,55,20,581,115.49053356282273,671
Abhishek Raut,194,221,13,7,167,116.1676646706587,194
Abhishek Sharma,143,169,10,8,98,145.91836734693877,143
Abid Ali,193,212,19,0,365,52.87671232876713,193
Abu Jayed,22,24,2,0,60,36.666666666666664,22
Abu Nechim,36,42,4,1,26,138.46153846153845,36
Adam Crosthwaite,60,70,6,2,60,100.0,60
Adam Gilchrist,2597,3103,306,100,2066,125.70183930300097,2597
Adam Lyth,265,307,40,1,529,50.0945179584121,265
Adam Milne,76,84,4,2,85,89.41176470588236,76
Adam Voges,2701,3011,258,26,3305,81.72465960665659,2701
Adam Zampa,293,324,23,4,391,74.93606138107417,293
Adil Rashid,1233,1395,134,14,1931,63.852925945106165,1233
Aditya Dole,34,39,3,1,22,154.54545454545453,34
Aditya Tare,339,401,40,11,273,124.17582417582418,339
Adnan Akmal,168,189,21,0,378,44.44444444444444,168
Adrian Barath,715,813,82,8,1214,58.89621087314663,715
Afsar Zazai,16,16,0,0,55,29.09090909090909,16
Aftab Ahmed,377,428,37,7,495,76.16161616161617,377
Aftab Alam,2,2,0,0,8,25.0,2
Afzaal Haider,0,0,0,0,10,0.0,0
Ahillen Beadle,7,7,0,0,7,100.0,7
Ahmed Raza,0,0,0,0,1,0.0,0
Ahmed Shehzad,1228,1402,146,14,1629,75.38367096378146,1228
Ahsan Malik,1,1,0,0,1,100.0,1
Aiden Blizzard,734,848,76,19,590,124.40677966101694,734
Aiden Markram,1963,2256,259,17,2868,68.44490934449094,1963
Aizaz Cheema,6,6,0,0,24,25.0,6
Aizaz Khan,0,0,0,0,1,0.0,0
Ajantha Mendis,224,251,23,2,474,47.257383966244724,224
Ajaz Patel,32,35,3,0,95,33.68421052631579,32
Ajinkya Rahane,11410,12897,1205,141,15776,72.32505070993915,11410
Ajit  Chandila,4,4,0,0,7,57.14285714285714,4
Ajit Agarkar,528,583,41,7,721,73.23162274618585,528
Ajmal Shahzad,44,51,1,3,75,58.666666666666664,44
Akila Dananjaya,292,325,29,2,439,66.51480637813212,292
Akshath Reddy,164,183,15,2,160,102.49999999999999,164
Akshdeep Nath,90,101,7,2,98,91.83673469387756,90
Al-Amin Hossain,27,33,6,0,29,93.10344827586206,27
Alasdair Evans,18,22,4,0,21,85.71428571428571,18
Albie Morkel,1274,1500,72,77,933,136.54876741693462,1274
Alex Carey,2720,3088,258,55,2477,109.81025433992733,2720
Alex Cusack,156,170,8,3,222,70.27027027027027,156
Alex Doolan,406,457,43,4,416,97.59615384615384,406
Alex Hales,5873,6858,655,165,5859,100.23894862604541,5873
Alex Keath,10,10,0,0,11,90.9090909090909,10
Alex Obanda,6,6,0,0,19,31.57894736842105,6
Alex Ross,1233,1410,89,44,958,128.70563674321502,1233
Alexei Kervezee,46,51,5,0,91,50.54945054945055,46
Alfonso Thomas,45,49,2,1,61,73.77049180327869,45
Ali Murtaza,10,11,1,0,14,71.42857142857143,10
Alishan Sharafu,1,1,0,0,9,11.11111111111111,1
Alister McDermott,5,5,0,0,10,50.0,5
Alok Kapali,175,201,16,5,189,92.5925925925926,175
Alviro Petersen,943,1067,114,5,1604,58.790523690773064,943
Alzarri Joseph,207,242,21,7,335,61.791044776119406,207
Ambati Rayudu,5212,5975,441,161,4876,106.89089417555373,5212
Amila Aponso,6,6,0,0,16,37.5,6
Amir Hamza,1,1,0,0,2,50.0,1
Amit Mishra,985,1106,105,8,1447,68.07187284035936,985
Amit Paunikar,49,58,9,0,58,84.48275862068965,49
Amit Singh,2,2,0,0,10,20.0,2
Amit Uniyal,4,4,0,0,7,57.14285714285714,4
Amjad Ali,25,28,3,0,48,52.083333333333336,25
Amjad Javed,7,8,1,0,10,70.0,7
Amjad Khan,2,2,0,0,4,50.0,2
Anamul Haque,445,512,43,12,568,78.34507042253522,445
Anaru Kitchen,38,43,3,1,32,118.75,38
Andile Phehlukwayo,535,626,53,19,601,89.01830282861897,535
Andre Adams,6,6,0,0,12,50.0,6
Andre Botha,255,275,18,1,394,64.72081218274111,255
Andre Fletcher,1169,1370,103,49,1278,91.47104851330204,1169
Andre McCarthy,5,5,0,0,8,62.5,5
Andre Nel,50,59,5,2,56,89.28571428571429,50
Andre Russell,3134,3830,230,233,1968,159.2479674796748,3134
Andrew Ellis,170,187,11,3,197,86.29441624365482,170
Andrew Fekete,3,3,0,0,12,25.0,3
Andrew Flintoff,739,850,77,17,1180,62.62711864406779,739
Andrew Hall,192,217,23,1,277,69.31407942238266,192
Andrew Mathieson,0,0,0,0,0,0.0,0
Andrew McDonald,353,400,19,14,306,115.359477124183,353
Andrew Poynter,9,10,1,0,21,42.857142857142854,9
Andrew Robinson,123,146,15,4,95,129.47368421052633,123
Andrew Symonds,2123,2438,183,66,2104,100.90304182509506,2123
Andrew Tye,380,444,30,17,336,113.09523809523809,380
Andrew White,202,224,20,1,272,74.26470588235294,202
Andri Berenger,9,11,2,0,30,30.0,9
Andy Balbirnie,575,647,64,4,676,85.05917159763314,575
Andy Blignaut,49,58,7,1,38,128.94736842105263,49
Andy McBrine,114,127,9,2,171,66.66666666666666,114
Andy McKay,35,38,3,0,91,38.46153846153847,35
Angelo Mathews,7377,8313,680,128,10591,69.6534793692758,7377
Angelo Perera,55,59,4,0,76,72.36842105263158,55
Aniket Choudhary,25,28,1,1,20,125.0,25
Anil Kumble,846,957,105,3,2039,41.49092692496322,846
Anirudh Singh,63,71,6,1,66,95.45454545454545,63
Ankeet Chavan,12,14,2,0,11,109.09090909090908,12
Ankit Bawne,12,13,1,0,12,100.0,12
Ankit Rajpoot,26,30,2,1,41,63.41463414634146,26
Ankit Sharma,87,102,7,4,67,129.8507462686567,87
Ankit Soni,7,9,0,1,9,77.77777777777779,7
Anrich Nortje,107,119,12,0,423,25.295508274231675,107
Anshy Rath,73,79,4,1,97,75.25773195876289,73
Anthony Ireland,1,1,0,0,1,100.0,1
Anthony Martin,6,6,0,0,16,37.5,6
Anton Devcich,209,239,26,2,208,100.48076923076923,209
Anureet Singh,36,40,2,1,47,76.59574468085107,36
Anustup Majumdar,87,98,7,2,76,114.4736842105263,87
Anwar Ali,152,173,13,4,212,71.69811320754717,152
Arafat Sunny,23,24,1,0,50,46.0,23
Ariful Haque,34,36,2,0,35,97.14285714285714,34
Arindam Ghosh,7,8,1,0,8,87.5,7
Arjun Nair,238,266,14,7,201,118.40796019900498,238
Arjun Yadav,49,58,5,2,39,125.64102564102564,49
Arshad Khan,16,17,1,0,25,64.0,16
Arshdeep Singh,0,0,0,0,3,0.0,0
Arun Karthik,51,57,4,1,51,100.0,51
Asad Ali,13,15,0,1,16,81.25,13
Asad Pathan,39,48,5,2,23,169.56521739130434,39
Asad Shafiq,2130,2412,246,18,3876,54.95356037151703,2130
Asela Gunaratne,461,524,43,10,457,100.87527352297595,461
Asghar Afghan,308,350,12,15,387,79.58656330749353,308
Ashan Priyanjan,169,188,9,5,189,89.41798941798942,169
Ashfaq Ahmed,0,0,0,0,3,0.0,0
Ashif Mulla,10,13,1,1,9,111.11111111111111,10
Ashish Bagai,227,251,24,0,250,90.8,227
Ashish Nehra,138,155,9,4,249,55.42168674698795,138
Ashish Reddy,280,325,17,14,193,145.0777202072539,280
Ashley Noffke,9,10,1,0,10,90.0,9
Ashley Nurse,344,398,30,12,312,110.25641025641026,344
Ashok Dinda,63,66,3,0,103,61.165048543689316,63
Ashok Menaria,401,461,24,18,356,112.64044943820224,401
Ashton Agar,872,979,61,23,814,107.12530712530712,872
Ashton Turner,1381,1593,80,66,1019,135.52502453385674,1381
Ashwell Prince,587,650,61,1,1342,43.74068554396423,587
Asif Ali,399,462,17,23,315,126.66666666666666,399
Assad Fudadin,32,35,3,0,84,38.095238095238095,32
Avesh Khan,4,5,1,0,3,133.33333333333331,4
Avishka Fernando,529,603,58,8,525,100.76190476190476,529
Avishka Gunawardene,38,46,8,0,99,38.38383838383838,38
Awais Zia,50,58,2,3,59,84.7457627118644,50
Axar Patel,1137,1306,61,54,933,121.86495176848875,1137
Azhar Ali,2403,2666,235,14,5433,44.22970734400884,2403
Azhar Bilakhia,69,74,5,0,85,81.17647058823529,69
Azhar Mahmood,415,482,41,13,354,117.23163841807909,415
BJ Watling,3818,4263,427,9,8495,44.94408475573867,3818
Babar Azam,3033,3408,305,35,3448,87.96403712296984,3033
Babar Hayat,18,23,1,2,20,90.0,18
Balachandra Akhil,76,91,5,5,55,138.1818181818182,76
Balaji Rao,12,13,1,0,17,70.58823529411765,12
Barinder Sran,10,10,0,0,14,71.42857142857143,10
Barry McCarthy,61,69,4,2,76,80.26315789473685,61
Bas Zuiderent,88,93,5,0,152,57.89473684210527,88
Basil Thampi,32,35,1,1,35,91.42857142857143,32
Baxter J Holt,65,75,4,3,61,106.55737704918033,65
Beau Webster,630,711,41,20,508,124.01574803149606,630
Ben Cooper,5,5,0,0,8,62.5,5
Ben Cutting,1691,2007,110,103,1164,145.27491408934708,1691
Ben Duckett,242,272,24,3,349,69.34097421203438,242
Ben Dunk,1866,2145,159,60,1468,127.11171662125341,1866
Ben Dwarshuis,262,299,15,11,209,125.35885167464116,262
Ben Edmondson,0,0,0,0,1,0.0,0
Ben Foakes,413,458,33,6,779,53.01668806161746,413
Ben Hilfenhaus,242,278,20,8,317,76.34069400630915,242
Ben Laughlin,145,163,10,4,170,85.29411764705883,145
Ben McDermott,1557,1788,91,70,1197,130.0751879699248,1557
Ben Rohrer,1199,1365,96,35,895,133.9664804469274,1199
Ben Stokes,7319,8425,744,181,9411,77.77069386887685,7319
Ben Wheeler,82,97,5,5,64,128.125,82
Benjamin Manenti,24,26,0,1,31,77.41935483870968,24
Benny Howell,0,0,0,0,2,0.0,0
Berend Westdijk,0,0,0,0,1,0.0,0
Bernard Loots,0,0,0,0,1,0.0,0
Beuran Hendricks,30,33,1,1,51,58.82352941176471,30
Bhanuka Rajapaksa,28,32,2,1,29,96.55172413793103,28
Bharat Chipli,280,322,28,7,251,111.55378486055776,280
Bhargav Bhatt,6,8,0,1,7,85.71428571428571,6
Bhuvneshwar Kumar,1272,1434,138,12,2123,59.9152143193594,1272
Bilal Asif,64,71,5,1,157,40.76433121019109,64
Bilawal Bhatti,70,82,8,2,59,118.64406779661016,70
Billy Stanlake,33,36,1,1,68,48.529411764705884,33
Billy Stelling,10,11,1,0,15,66.66666666666666,10
Biplab Samantray,125,142,13,2,113,110.61946902654867,125
Bipul Sharma,187,216,11,9,123,152.03252032520325,187
Bjorn Fortuin,0,0,0,0,1,0.0,0
Blair Tickner,5,5,0,0,6,83.33333333333334,5
Blake Dean,3,3,0,0,6,50.0,3
Blessing Mahwire,6,7,1,0,13,46.15384615384615,6
Blessing Muzarabani,15,19,2,1,16,93.75,15
Bodapati Sumanth,35,38,3,0,37,94.5945945945946,35
Boeta Dippenaar,77,88,11,0,86,89.53488372093024,77
Boyd Rankin,68,73,3,1,150,45.33333333333333,68
Brad Haddin,3391,3902,325,93,4127,82.16622243760601,3391
Brad Hodge,2951,3399,248,100,2352,125.46768707482994,2951
Brad Hogg,319,346,19,4,479,66.59707724425887,319
Brad Young,12,12,0,0,15,80.0,12
Bradley Kruger,8,9,1,0,12,66.66666666666666,8
Brandon King,250,295,31,7,258,96.89922480620154,250
Brandon Mavuta,41,48,3,2,23,178.26086956521738,41
Brendan Doggett,21,22,1,0,28,75.0,21
Brendan Drew,15,16,1,0,23,65.21739130434783,15
Brendan Nash,38,41,1,1,84,45.23809523809524,38
Brendan Taylor,1029,1168,101,19,1315,78.2509505703422,1029
Brendon Diamanti,26,29,3,0,22,118.18181818181819,26
Brendon McCullum,12280,14416,1306,415,12774,96.13276968842962,12280
Brent Arnel,34,37,3,0,132,25.757575757575758,34
Brett Lee,706,811,65,20,1010,69.9009900990099,706
Brian Chari,9,11,2,0,8,112.5,9
Brian Lara,497,564,49,9,822,60.46228710462287,497
Brian Vitori,52,64,4,4,58,89.65517241379311,52
Bruce Martin,73,87,14,0,132,55.3030303030303,73
Bryce McGain,0,0,0,0,0,0.0,0
Caleb Jewell,304,346,36,3,263,115.58935361216729,304
Callum Ferguson,2175,2439,190,37,1876,115.93816631130065,2175
Calum MacLeod,199,231,26,3,164,121.34146341463415,199
Cameron Bancroft,1389,1562,119,27,1738,79.91944764096662,1389
Cameron Borgas,150,164,10,2,143,104.8951048951049,150
Cameron Boyce,269,318,17,16,220,122.27272727272727,269
Cameron Delport,30,34,2,1,29,103.44827586206897,30
Cameron Gannon,70,79,7,1,68,102.94117647058823,70
Cameron Green,326,357,29,1,659,49.46889226100152,326
Cameron Valente,83,93,8,1,66,125.75757575757575,83
Cameron White,4289,4881,332,130,4220,101.63507109004739,4289
Carl Sandri,22,25,1,1,15,146.66666666666666,22
Carlos Brathwaite,872,1026,50,52,872,100.0,872
Carlton Baugh,436,483,37,5,724,60.22099447513812,436
Cephas Zhuwao,0,0,0,0,1,0.0,0
Chadd Sayers,0,0,0,0,5,0.0,0
Chadwick Walton,134,159,9,8,147,91.15646258503402,134
Chamara Kapugedera,971,1070,75,12,1211,80.18166804293972,971
Chamara Silva,370,413,35,4,401,92.26932668329178,370
Chaminda Bandara,3,3,0,0,7,42.857142857142854,3
Chaminda Vaas,251,281,22,4,314,79.93630573248409,251
Chamu Chibhabha,451,513,54,4,821,54.93300852618758,451
Chanaka Welegedara,42,48,6,0,81,51.85185185185185,42
Chandan Madan,15,18,3,0,19,78.94736842105263,15
Chandrapaul Hemraj,70,85,11,2,75,93.33333333333333,70
Chandrasekar Ganapathy,0,0,0,0,0,0.0,0
Charl Langeveldt,32,38,4,1,35,91.42857142857143,32
Charles Coventry,210,243,17,8,254,82.67716535433071,210
Chaturanga de Silva,26,29,3,0,35,74.28571428571429,26
Chetanya Nanda,0,0,0,0,1,0.0,0
Cheteshwar Pujara,6290,7069,743,18,13392,46.968339307048986,6290
Chidhambaram Gautam,169,198,17,6,150,112.66666666666667,169
Chinthaka Jayasinghe,49,54,3,1,49,100.0,49
Chirag Suri,13,14,1,0,20,65.0,13
Chris Barnwell,62,74,4,4,39,158.97435897435898,62
Chris Cairns,26,30,4,0,29,89.65517241379311,26
Chris Gayle,10349,12584,913,661,8569,120.77255222312988,10349
Chris Green,390,442,26,13,290,134.48275862068965,390
Chris Hartley,116,126,10,0,114,101.75438596491229,116
Chris Jordan,678,772,54,20,777,87.25868725868726,678
Chris Lynn,4129,4948,345,237,2862,144.26974143955275,4129
Chris Martin,54,60,6,0,207,26.08695652173913,54
Chris Morris,1362,1579,115,51,1294,105.25502318392581,1362
Chris Mpofu,8,8,0,0,36,22.22222222222222,8
Chris Read,2,2,0,0,7,28.57142857142857,2
Chris Rogers,1115,1273,154,2,1887,59.088500264970854,1115
Chris Sabburg,35,35,0,0,47,74.46808510638297,35
Chris Simpson,8,9,1,0,5,160.0,8
Chris Tremain,103,119,8,4,105,98.09523809523809,103
Chris Tremlett,121,136,11,2,234,51.70940170940172,121
Chris Woakes,2534,2834,244,28,3707,68.35716212570811,2534
Christiaan Jonker,57,68,5,3,29,196.55172413793102,57
Christopher Carter,3,3,0,0,11,27.27272727272727,3
Chundangapoyil Rizwan,109,120,9,1,136,80.14705882352942,109
Clay Smith,52,63,7,2,47,110.63829787234043,52
Clint Hinchliffe,57,60,3,0,76,75.0,57
Clint McKay,196,220,12,6,260,75.38461538461539,196
Clive Rose,183,212,15,7,132,138.63636363636365,183
Colin Ingram,1402,1626,120,52,1218,115.10673234811166,1402
Colin Munro,2681,3179,250,124,2063,129.95637421231217,2681
Colin Smith,69,77,6,1,96,71.875,69
Colin de Grandhomme,2394,2790,192,102,2409,99.37733499377335,2394
Collins Obuya,19,21,2,0,24,79.16666666666666,19
Corey Anderson,1938,2287,189,80,2179,88.93988067921065,1938
Corey Collymore,15,17,0,1,49,30.612244897959183,15
Courtney Kruger,3,3,0,0,16,18.75,3
Craig Cumming,0,0,0,0,6,0.0,0
Craig Ervine,562,632,56,7,923,60.88840736728061,562
Craig Kieswetter,1704,1992,166,61,1749,97.42710120068611,1704
Craig McMillan,173,197,10,7,174,99.42528735632183,173
Craig Overton,98,113,13,1,184,53.2608695652174,98
Craig Philipson,4,4,0,0,15,26.666666666666668,4
Craig Simmons,501,604,43,30,351,142.73504273504273,501
Craig Wright,97,107,6,2,132,73.48484848484848,97
Craig Young,30,33,3,0,47,63.829787234042556,30
Curtis Campher,151,166,15,0,235,64.25531914893618,151
D'Arcy Short,2873,3349,282,97,2253,127.51886373723924,2873
Daan van Bunge,12,13,1,0,20,60.0,12
Dale Richards,140,160,16,2,199,70.35175879396985,140
Dale Steyn,826,952,74,26,1340,61.64179104477612,826
Damien Martyn,115,128,11,1,176,65.3409090909091,115
Dan Lawrence,41,47,4,1,44,93.18181818181817,41
Dane Paterson,48,56,8,0,51,94.11764705882352,48
Dane Piedt,131,148,13,2,438,29.908675799086758,131
Dane Vilas,94,105,11,0,210,44.761904761904766,94
Daniel Christian,2216,2550,140,97,1727,128.31499710480603,2216
Daniel Flynn,691,781,80,5,1549,44.60942543576501,691
Daniel Harris,366,422,36,10,355,103.09859154929578,366
Daniel Hughes,1682,1918,160,38,1399,120.22873481057898,1682
Daniel Salpietro,13,13,0,0,27,48.148148148148145,13
Daniel Sams,376,445,21,24,264,142.42424242424244,376
Daniel Smith,132,149,15,1,162,81.48148148148148,132
Daniel Vettori,2049,2281,198,17,2789,73.4671925421298,2049
Daniel Worrall,133,153,12,4,99,134.34343434343435,133
Danish Kaneria,50,60,8,1,83,60.24096385542169,50
Danny Briggs,47,56,5,2,32,146.875,47
Danushka Gunathilaka,869,983,88,13,1151,75.49956559513467,869
Danza Hyatt,146,173,11,8,213,68.54460093896714,146
Daren Ganga,344,385,41,0,661,52.04236006051437,344
Daren Powell,93,107,4,5,106,87.73584905660378,93
Daren Sammy,2549,2989,198,121,2514,101.39220365950676,2549
Darren Bravo,4200,4781,411,85,6941,60.51001296643135,4200
Darren Lehmann,18,21,3,0,18,100.0,18
Darren Maddy,29,34,3,1,20,145.0,29
Darren Pattinson,8,9,1,0,7,114.28571428571428,8
Darron Reekers,124,147,13,5,95,130.5263157894737,124
Daryl Mitchell,287,324,23,7,394,72.84263959390863,287
Daryl Tuffey,293,337,26,9,375,78.13333333333333,293
Dasun Shanaka,546,644,36,31,541,100.9242144177449,546
Dave Langford-Smith,127,147,8,6,119,106.72268907563026,127
Dave Mohammed,71,83,12,0,89,79.7752808988764,71
David Bernard,112,120,8,0,172,65.11627906976744,112
David Hemp,111,125,10,2,145,76.55172413793103,111
David Hussey,3372,3829,245,106,2967,113.65015166835187,3372
David Miller,5491,6276,371,207,4680,117.32905982905983,5491
David Murphy,11,11,0,0,37,29.72972972972973,11
David Obuya,34,40,6,0,35,97.14285714285714,34
David Warner,14660,16895,1543,346,14312,102.4315259921744,14660
David Wiese,268,308,20,10,215,124.65116279069768,268
David Willey,767,880,53,30,758,101.18733509234828,767
Davy Jacobs,92,110,10,4,98,93.87755102040816,92
Dawid Malan,1654,1912,190,34,2345,70.53304904051173,1654
Dawlat Zadran,15,18,3,0,40,37.5,15
Dean Brownlie,625,710,83,1,1224,51.06209150326797,625
Dean Elgar,3760,4264,458,23,8147,46.15195777586842,3760
Dean Minors,72,86,6,4,143,50.349650349650354,72
Debabrata Das,286,338,22,15,235,121.70212765957447,286
Deepak Chahar,97,112,3,6,79,122.78481012658229,97
Deepak Hooda,625,715,32,29,483,129.39958592132507,625
Deighton Butler,9,10,1,0,12,75.0,9
Delyone Borden,14,15,1,0,39,35.8974358974359,14
Denesh Ramdin,2846,3191,253,46,3797,74.95391098235449,2846
Desmond Chumney,8,8,0,0,16,50.0,8
Devdutt Padikkal,473,540,51,8,379,124.80211081794195,473
Devendra Bishoo,365,415,44,3,745,48.99328859060403,365
Devon Conway,174,203,17,6,115,151.30434782608694,174
Devon Smith,696,787,83,4,1027,67.77020447906524,696
Devon Thomas,222,244,18,2,331,67.06948640483384,222
Devraj Patil,13,14,1,0,13,100.0,13
Dewald Nel,4,4,0,0,5,80.0,4
Dhammika Prasad,165,187,18,2,229,72.0524017467249,165
Dhananjaya de Silva,1570,1775,171,17,2351,66.7800935772012,1570
Dhawal Kulkarni,132,147,9,3,137,96.35036496350365,132
Dhiman Ghosh,2,2,0,0,2,100.0,2
Dhruv Shorey,13,15,0,1,17,76.47058823529412,13
Dilbar Hussain,7,7,0,0,8,87.5,7
Dilhara Fernando,101,115,12,1,151,66.88741721854305,101
Dilhara Lokuhettige,70,86,8,4,81,86.41975308641975,70
Dillon du Preez,10,10,0,0,13,76.92307692307693,10
Dilruwan Perera,438,507,51,9,875,50.05714285714286,438
Dilshan Munaweera,163,194,17,7,120,135.83333333333334,163
Dimitri Mascarenhas,377,433,20,18,370,101.8918918918919,377
Dimuth Karunaratne,2505,2772,263,2,4958,50.52440500201695,2505
Dinesh Chandimal,3490,3899,329,40,5465,63.860933211344914,3490
Dinesh Karthik,6336,7241,643,131,6490,97.6271186440678,6336
Dinesh Mongia,240,265,19,3,354,67.79661016949152,240
Dinesh Salunkhe,33,38,5,0,24,137.5,33
Dirk Nannes,11,11,0,0,21,52.38095238095239,11
Dishant Yagnik,170,197,23,2,137,124.08759124087592,170
Doddapaneni Kalyankrishna,3,3,0,0,8,37.5,3
Dolar Mahmud,0,0,0,0,1,0.0,0
Dom Bess,1,1,0,0,19,5.263157894736842,1
Dom Michael,0,0,0,0,2,0.0,0
Dom Sibley,369,427,56,1,961,38.397502601456814,369
Dominic Thornely,151,173,6,8,139,108.63309352517985,151
Domnic Muthuswami,1,1,0,0,3,33.33333333333333,1
Donald Tiripano,124,141,13,2,483,25.672877846790893,124
Doug Bollinger,92,101,5,2,111,82.88288288288288,92
Doug Bracewell,716,820,72,16,1209,59.22249793217536,716
Dougie Brown,14,16,2,0,31,45.16129032258064,14
Dougie Lockhart,46,48,2,0,53,86.79245283018868,46
Duanne Olivier,26,30,4,0,93,27.956989247311824,26
Dushmantha Chameera,106,119,13,0,270,39.25925925925926,106
Dwaine Pretorius,276,318,26,8,346,79.76878612716763,276
Dwaraka Ravi Teja,375,428,35,9,317,118.29652996845425,375
Dwayne Bravo,5076,5796,376,172,5008,101.35782747603834,5076
Dwayne Leverock,9,10,1,0,31,29.03225806451613,9
Dwayne Smith,3323,3978,341,157,2724,121.98972099853158,3323
Dylan Budge,11,12,1,0,9,122.22222222222223,11
Ebadot Hossain,4,4,0,0,26,15.384615384615385,4
Ed Cowan,538,608,66,2,1203,44.72152950955943,538
Ed Joyce,168,188,20,0,257,65.36964980544747,168
Ed Rainsford,2,2,0,0,3,66.66666666666666,2
Edgar Schiferli,6,6,0,0,8,75.0,6
Ehsan Adil,16,17,1,0,30,53.333333333333336,16
Ehsan Khan,22,22,0,0,25,88.0,22
Ehsan Nawaz,2,2,0,0,3,66.66666666666666,2
Eklavya Dwivedi,24,30,2,2,14,171.42857142857142,24
Elias Sunny,6,7,1,0,8,75.0,6
Elijah Otieno,0,0,0,0,4,0.0,0
Elton Chigumbura,880,1003,77,23,1057,83.25449385052033,880
Enamul Haque jnr,0,0,0,0,5,0.0,0
Eoin Morgan,12135,13968,1017,408,12467,97.33696959974331,12135
Eric Szwarczynski,99,107,6,1,131,75.57251908396947,99
Evan Gulbis,413,475,38,12,330,125.15151515151514,413
Evin Lewis,2052,2452,176,112,1803,113.81031613976707,2052
Ewen Thompson,1,1,0,0,1,100.0,1
Fabian Allen,183,218,15,10,158,115.82278481012658,183
Faf du Plessis,11695,13233,1160,189,15165,77.11836465545665,11695
Fahad Alhashmi,0,0,0,0,0,0.0,0
Fahad Tariq,3,3,0,0,5,60.0,3
Faheem Ashraf,471,552,53,14,600,78.5,471
Faisal Hossain,8,8,0,0,9,88.88888888888889,8
Faisal Iqbal,217,245,26,1,439,49.430523917995444,217
Faiz Fazal,238,271,29,2,234,101.7094017094017,238
Fakhar Zaman,1602,1853,181,35,1677,95.52772808586762,1602
Fareed Ahmad,24,28,4,0,15,160.0,24
Farhaan Behardien,1196,1346,84,33,1122,106.59536541889483,1196
Farhad Reza,6,6,0,0,9,66.66666666666666,6
Farveez Maharoof,554,625,39,16,645,85.89147286821705,554
Fawad Ahmed,49,58,3,3,57,85.96491228070175,49
Fawad Alam,454,490,30,3,766,59.268929503916446,454
Fidel Edwards,154,170,16,0,445,34.60674157303371,154
Floyd Reifer,101,113,8,2,191,52.879581151832454,101
Forster Mutizwa,24,27,3,0,61,39.34426229508197,24
Fraser Watts,15,16,1,0,54,27.77777777777778,15
Freddie Coleman,7,7,0,0,28,25.0,7
Gareth Batty,35,36,1,0,114,30.701754385964914,35
Gareth Delany,157,188,15,8,154,101.94805194805194,157
Gareth Hopkins,315,351,24,6,482,65.35269709543569,315
Garey Mathurin,4,4,0,0,5,80.0,4
Gary Ballance,1638,1854,202,7,3245,50.47765793528506,1638
Gary Brent,3,3,0,0,12,25.0,3
Gary Kidd,15,17,2,0,25,60.0,15
Gary Putland,1,1,0,0,4,25.0,1
Gary Wilson,287,317,28,1,388,73.96907216494846,287
Gautam Gambhir,13062,14737,1487,94,15743,82.97020898176967,13062
Gavin Ewing,7,8,1,0,14,50.0,7
Gavin Hamilton,110,118,8,0,195,56.41025641025641,110
Gavin Tonge,10,11,1,0,16,62.5,10
Geert-Maarten Mol,5,6,1,0,7,71.42857142857143,5
Geoff Barnett,49,56,7,0,63,77.77777777777779,49
George Bailey,5516,6231,435,140,5296,104.15407854984895,5516
George Dockrell,146,164,10,4,231,63.20346320346321,146
George Linde,105,122,11,3,162,64.81481481481481,105
George Munsey,55,64,7,1,51,107.84313725490196,55
George Worker,86,96,10,0,125,68.8,86
Geraint Jones,178,196,16,1,347,51.29682997118156,178
Ghulam Shabber,8,9,1,0,7,114.28571428571428,8
Gihahn Cloete,2,2,0,0,3,66.66666666666666,2
Glenn Maxwell,8054,9466,682,365,5848,137.72229822161424,8054
Glenn McGrath,5,6,1,0,7,71.42857142857143,5
Glenn Phillips,376,444,32,18,355,105.91549295774647,376
Glenn Rogers,4,4,0,0,4,100.0,4
Gnaneswara Rao,19,22,3,0,17,111.76470588235294,19
Gordon Drummond,22,24,2,0,27,81.48148148148148,22
Gordon Goudie,40,50,4,3,56,71.42857142857143,40
Graeme Cremer,178,196,18,0,486,36.62551440329218,178
Graeme Smith,3149,3589,380,30,3867,81.43263511766227,3149
Graeme Swann,869,990,97,12,1139,76.29499561018437,869
Graham Manou,31,32,1,0,35,88.57142857142857,31
Graham Napier,15,16,1,0,16,93.75,15
Graham Onions,1,1,0,0,2,50.0,1
Grant Elliott,1490,1644,110,22,1833,81.28750681942172,1490
Greg Lamb,114,116,2,0,250,45.6,114
Greg Thompson,2,2,0,0,21,9.523809523809524,2
Greg West,0,0,0,0,1,0.0,0
Gulbadin Naib,218,251,21,6,267,81.64794007490637,218
Gurinder Sandhu,52,58,4,1,59,88.13559322033898,52
Gurkeerat Singh Mann,524,603,57,11,434,120.7373271889401,524
Habibul Bashar,206,229,19,2,348,59.195402298850574,206
Haider Ali,76,88,6,3,51,149.01960784313727,76
Halhadar Das,2,2,0,0,5,40.0,2
Hamid Hassan,30,35,5,0,51,58.82352941176471,30
Hamilton Masakadza,1099,1253,96,29,1488,73.85752688172043,1099
Hamish Bennett,12,12,0,0,50,24.0,12
Hamish Gardiner,1,1,0,0,18,5.555555555555555,1
Hamish Kingston,29,34,1,2,18,161.11111111111111,29
Hamish Marshall,36,41,3,1,56,64.28571428571429,36
Hamish Rutherford,816,951,103,16,1302,62.67281105990783,816
Hammad Azam,38,43,3,1,39,97.43589743589743,38
Hanuma Vihari,881,989,102,3,1588,55.47858942065491,881
Harbhajan Singh,3095,3588,293,100,3887,79.62438898893748,3095
Hardik Pandya,3349,3945,246,175,2724,122.94419970631425,3349
Hardus Viljoen,29,33,4,0,38,76.31578947368422,29
Haris Rauf,0,0,0,0,2,0.0,0
Haris Sohail,1006,1118,84,14,1496,67.24598930481284,1006
Harmeet Singh,18,21,3,0,12,150.0,18
Harpreet Brar,20,24,2,1,12,166.66666666666669,20
Harpreet Singh,20,20,0,0,26,76.92307692307693,20
Harry Conway,7,7,0,0,9,77.77777777777779,7
Harry Gurney,17,18,1,0,41,41.46341463414634,17
Harry Nielsen,134,153,13,3,110,121.81818181818183,134
Harry Tector,97,106,5,2,131,74.04580152671755,97
Harshal Patel,128,151,5,9,92,139.1304347826087,128
Harvir Baidwan,8,9,1,0,6,133.33333333333331,8
Hasan Ali,268,322,20,17,248,108.06451612903226,268
Haseeb Hameed,219,246,23,2,640,34.21875,219
Hashim Amla,11161,12579,1256,81,16388,68.10471076397364,11161
Hashmatullah Shahidi,123,138,11,2,204,60.29411764705882,123
Hasibul Hossain,1,1,0,0,1,100.0,1
Hayden Kerr,25,27,0,1,30,83.33333333333334,25
Hayden Walsh,86,96,8,1,102,84.31372549019608,86
Hazratullah Zazai,163,191,18,5,207,78.74396135265701,163
Heath Streak,18,20,2,0,52,34.61538461538461,18
Heino Kuhn,118,136,18,0,301,39.202657807308974,118
Heinrich Klaasen,725,831,56,25,644,112.5776397515528,725
Henk-Jan Mol,2,2,0,0,5,40.0,2
Henry Davids,162,187,17,4,152,106.57894736842107,162
Henry Nicholls,2703,2999,276,10,4574,59.094884127678185,2703
Henry Osinde,7,8,1,0,24,29.166666666666668,7
Herschelle Gibbs,1878,2189,201,55,1758,106.82593856655289,1878
Hilton Cartwright,857,982,67,29,766,111.87989556135771,857
Hiral Patel,37,45,6,1,43,86.04651162790698,37
Hiren Varaiya,5,5,0,0,11,45.45454545454545,5
Hussain Butt,4,4,0,0,15,26.666666666666668,4
Hussain Talat,121,136,11,2,109,111.0091743119266,121
Iain O'Brien,86,98,12,0,225,38.22222222222222,86
Iain Wardlaw,2,2,0,0,8,25.0,2
Ian Bell,6529,7344,719,48,10003,65.2704188743377,6529
Ian Billcliff,38,42,4,0,56,67.85714285714286,38
Ian Blackwell,52,59,5,1,84,61.904761904761905,52
Ian Bradshaw,112,124,12,0,314,35.6687898089172,112
Ian Butler,49,55,4,1,84,58.333333333333336,49
Ian Moran,21,25,2,1,17,123.52941176470588,21
Ibrahim Zadran,16,18,0,1,35,45.714285714285715,16
Iftikhar Ahmed,142,164,14,4,123,115.44715447154472,142
Iftikhar Anjum,41,43,2,0,78,52.56410256410257,41
Ikram Alikhil,105,115,8,1,180,58.333333333333336,105
Imad Wasim,738,838,74,13,639,115.49295774647888,738
Imam-ul-Haq,1014,1135,103,9,1609,63.020509633312614,1014
Imran Farhat,571,655,80,2,1124,50.80071174377224,571
Imran Khan,6,7,1,0,14,42.857142857142854,6
Imran Nazir,225,271,32,7,225,100.0,225
Imran Tahir,248,288,36,2,355,69.85915492957746,248
Imrul Kayes,1786,2019,207,13,2936,60.83106267029973,1786
Inzamam-ul-Haq,578,643,55,5,756,76.45502645502646,578
Iqbal Abdulla,88,99,9,1,81,108.64197530864197,88
Irfan Ahmed,25,30,5,0,43,58.139534883720934,25
Irfan Pathan,3268,3734,296,85,3796,86.09062170706007,3268
Irving Romaine,26,30,4,0,61,42.62295081967213,26
Ish Sodhi,512,589,49,14,883,57.98414496036241,512
Ishan Kishan,1211,1439,100,64,885,136.83615819209038,1211
Ishan Malhotra,7,8,1,0,4,175.0,7
Ishank Jaggi,76,82,6,0,97,78.35051546391753,76
Ishant Sharma,813,908,89,3,2493,32.61131167268351,813
Ishara Amerasinghe,0,0,0,0,1,0.0,0
Ishwar Pandey,0,0,0,0,2,0.0,0
Isuru Udana,258,297,21,9,230,112.17391304347825,258
Izatullah Dawlatzai,0,0,0,0,3,0.0,0
JJ Smuts,264,302,28,5,302,87.41721854304636,264
Jack Edwards,237,265,26,1,229,103.4934497816594,237
Jack Leach,178,204,24,1,422,42.18009478672986,178
Jack Prestwidge,67,82,5,5,54,124.07407407407408,67
Jack Wildermuth,222,259,7,15,181,122.65193370165746,222
Jack Wood,2,2,0,0,3,66.66666666666666,2
Jackson Bird,91,97,4,1,135,67.4074074074074,91
Jacob Oram,1175,1364,95,47,1218,96.4696223316913,1175
Jacques Kallis,5364,6055,521,85,6552,81.86813186813187,5364
Jacques Rudolph,157,179,20,1,281,55.871886120996436,157
Jade Dernbach,40,44,4,0,56,71.42857142857143,40
Jagadeesh Arunkumar,23,28,5,0,23,100.0,23
Jagadeesha Suchith,54,62,4,2,47,114.89361702127661,54
Jahmar Hamilton,5,5,0,0,61,8.19672131147541,5
Jahurul Islam,201,224,19,2,381,52.75590551181102,201
Jai Prakash Yadav,81,94,11,1,118,68.64406779661016,81
Jake Ball,109,126,15,1,180,60.55555555555555,109
Jake Doran,42,44,2,0,53,79.24528301886792,42
Jake Fraser-McGurk,55,60,1,2,52,105.76923076923077,55
Jake Lehmann,267,298,25,3,245,108.97959183673468,267
Jake Reed,8,10,0,1,3,266.66666666666663,8
Jake Weatherald,1460,1728,146,61,1115,130.94170403587444,1460
Jamaluddin Syed Mohammad,29,33,4,0,26,111.53846153846155,29
James Anderson,773,877,100,2,1778,43.475815523059616,773
James Bazley,89,106,7,5,57,156.140350877193,89
James Faulkner,2181,2457,134,71,1927,113.18111053450961,2181
James Foster,22,22,0,0,20,110.00000000000001,22
James Franklin,1559,1755,124,36,2111,73.85125532922785,1559
James Hopes,1290,1453,133,15,1197,107.76942355889724,1290
James Marshall,189,212,15,4,246,76.82926829268293,189
James McCollum,50,58,8,0,100,50.0,50
James Muirhead,15,17,2,0,14,107.14285714285714,15
James Neesham,1672,1928,182,37,1962,85.21916411824668,1672
James Pattinson,330,371,25,8,669,49.327354260089685,330
James Shannon,62,75,5,4,42,147.61904761904762,62
James Smith,5,5,0,0,9,55.55555555555556,5
James Taylor,1151,1274,95,14,1708,67.3887587822014,1151
James Tredwell,195,218,13,5,262,74.42748091603053,195
James Vince,2146,2465,251,34,2462,87.16490658001625,2146
Jamie Atkinson,23,26,3,0,46,50.0,23
Jamie Dalrymple,24,24,0,0,46,52.17391304347826,24
Jamie How,541,609,64,2,1014,53.35305719921104,541
Jan Stander,22,26,0,2,13,169.23076923076923,22
Janeiro Tucker,12,14,0,1,16,75.0,12
Janneman Malan,152,171,11,4,166,91.56626506024097,152
Jaron Morgan,1,1,0,0,3,33.33333333333333,1
Jaskaran Singh,8,8,0,0,11,72.72727272727273,8
Jason Behrendorff,90,98,6,1,78,115.38461538461537,90
Jason Floros,208,237,17,6,200,104.0,208
Jason Holder,2072,2388,196,60,2545,81.41453831041258,2072
Jason Krejza,17,17,0,0,50,34.0,17
Jason Mohammed,380,420,30,5,585,64.95726495726495,380
Jason Roy,4961,5781,562,129,4416,112.34148550724639,4961
Jason Sangha,178,199,11,5,165,107.87878787878789,178
Jasprit Bumrah,106,119,9,2,286,37.06293706293706,106
Javed Ahmadi,31,33,2,0,93,33.33333333333333,31
Javed Omar,150,173,17,3,250,60.0,150
Javon Searles,8,10,0,1,6,133.33333333333331,8
Jay Lenton,131,151,8,6,96,136.45833333333331,131
Jayant Yadav,235,263,28,0,526,44.67680608365019,235
Jayde Herrick,0,0,0,0,0,0.0,0
Jaydev Unadkat,65,73,6,1,81,80.24691358024691,65
Jean-Paul Duminy,7134,8004,538,166,8303,85.92075153558955,7134
Jeet Raval,1015,1145,128,1,2293,44.26515481901439,1015
Jeetan Patel,258,295,31,3,471,54.77707006369427,258
Jeevan Mendis,537,596,39,10,606,88.61386138613861,537
Jeffrey Vandersay,18,20,2,0,41,43.90243902439025,18
Jehan Mubarak,209,235,20,3,349,59.885386819484246,209
Jeremy Bray,375,427,40,6,556,67.44604316546763,375
Jermaine Blackwood,827,964,97,20,1281,64.55893832943013,827
Jermaine Lawson,3,3,0,0,4,75.0,3
Jerome Taylor,390,457,45,11,437,89.24485125858124,390
Jesse Ryder,2418,2813,273,61,2761,87.57696486780152,2418
Jhye Richardson,284,321,19,9,248,114.51612903225808,284
Jimmy Hansra,70,76,4,1,105,66.66666666666666,70
Jimmy Kamande,22,27,1,2,27,81.48148148148148,22
Jimmy Peirson,989,1131,88,27,798,123.93483709273183,989
Joe Burns,2075,2381,194,56,2660,78.00751879699249,2075
Joe Clarke,44,54,2,4,24,183.33333333333331,44
Joe Denly,1353,1548,153,21,2191,61.75262437243268,1353
Joe Mennie,29,31,2,0,64,45.3125,29
Joe Root,13453,14927,1320,77,19171,70.17369985916227,13453
Joel Paris,16,17,1,0,20,80.0,16
Jofra Archer,343,399,24,16,302,113.57615894039735,343
Joginder Sharma,71,81,6,2,60,118.33333333333333,71
Johan Botha,1310,1468,104,27,1150,113.91304347826087,1310
Johan van der Wath,41,45,2,1,43,95.34883720930233,41
John Anderson,5,5,0,0,12,41.66666666666667,5
John Blain,28,29,1,0,71,39.436619718309856,28
John Campbell,332,383,39,6,561,59.180035650623886,332
John Davison,113,127,10,2,120,94.16666666666667,113
John Hastings,367,433,28,19,314,116.87898089171975,367
John Mooney,146,159,11,1,196,74.48979591836735,146
John Nyumbu,53,61,2,3,160,33.125,53
Johnson Charles,1541,1810,177,46,1632,94.42401960784314,1541
Jomel Warrican,15,18,1,1,35,42.857142857142854,15
Jon Holland,16,16,0,0,43,37.2093023255814,16
Jon Lewis,17,19,2,0,15,113.33333333333333,17
Jonathan Carter,227,258,23,4,342,66.37426900584795,227
Jonathan Cook,21,22,1,0,22,95.45454545454545,21
Jonathan Merlo,24,27,3,0,21,114.28571428571428,24
Jonathan Trott,4645,5095,438,6,7713,60.22300012965124,4645
Jonathan Wells,1958,2181,167,28,1609,121.69049098819143,1958
Jonny Bairstow,8268,9514,918,164,10206,81.01116990005879,8268
Jono Dean,317,384,19,24,237,133.75527426160338,317
Jordan Silk,1332,1468,84,26,1086,122.65193370165746,1332
Jos Buttler,9313,10799,872,307,8711,106.91080243370452,9313
Josh Davey,50,55,5,0,88,56.81818181818182,50
Josh Hazlewood,416,480,62,1,791,52.591656131479134,416
Josh Inglis,722,845,77,23,506,142.68774703557312,722
Josh Lalor,105,115,8,1,125,84.0,105
Josh Little,14,16,2,0,18,77.77777777777779,14
Josh Philippe,1226,1413,123,32,893,137.29003359462487,1226
Jubair Hossain,5,6,1,0,17,29.411764705882355,5
Junaid Khan,40,44,2,1,74,54.054054054054056,40
Junaid Siddique,700,781,71,5,1176,59.523809523809526,700
Junior Dala,22,24,2,0,27,81.48148148148148,22
Justin Avendano,133,155,10,6,125,106.4,133
Justin Kemp,398,461,29,17,433,91.91685912240185,398
Justin Ontong,166,199,11,11,122,136.0655737704918,166
KC Cariappa,24,28,0,2,21,114.28571428571428,24
KL Rahul,7245,8335,672,209,7723,93.81069532565066,7245
KP Appanna,2,2,0,0,4,50.0,2
Kabir Ali,1,1,0,0,7,14.285714285714285,1
Kagiso Rabada,1022,1177,119,18,1814,56.33958103638368,1022
Kamindu Mendis,82,95,7,3,81,101.23456790123457,82
Kamlesh Nagarkoti,22,23,1,0,31,70.96774193548387,22
Kamran Akmal,1894,2199,235,35,2384,79.44630872483222,1894
Kamran Khan,3,3,0,0,5,60.0,3
Kamran Shazad,0,0,0,0,3,0.0,0
Kamrul Islam,44,52,4,2,232,18.96551724137931,44
Kane Richardson,363,413,24,13,315,115.23809523809523,363
Kane Williamson,13122,14689,1305,131,19024,68.97603027754415,13122
Karan Goel,218,253,17,9,231,94.37229437229438,218
Karanveer Singh,12,13,1,0,17,70.58823529411765,12
Karim Janat,28,33,5,0,24,116.66666666666667,28
Karim Sadiq,31,34,3,0,38,81.57894736842105,31
Karn Sharma,325,371,18,14,302,107.61589403973511,325
Kartik Tyagi,4,4,0,0,6,66.66666666666666,4
Karun Nair,1895,2187,206,43,1731,109.47429231658002,1895
Kasun Rajitha,24,24,0,0,110,21.818181818181817,24
Kaushal Silva,792,891,99,0,1950,40.61538461538461,792
Kaushalya Weeraratne,77,86,5,2,65,118.46153846153847,77
Keaton Jennings,752,835,83,0,1781,42.223469960696235,752
Kedar Jadhav,2511,2876,237,64,2252,111.50088809946715,2511
Keegan Meth,10,11,1,0,26,38.46153846153847,10
Keemo Paul,324,387,31,16,337,96.14243323442136,324
Kelvin Smith,44,48,4,0,42,104.76190476190477,44
Kemar Roach,540,615,55,10,1055,51.18483412322274,540
Kenny Carroll,42,47,3,1,88,47.72727272727273,42
Kenroy Peters,0,0,0,0,3,0.0,0
Keshav Maharaj,670,781,79,16,1091,61.4115490375802,670
Kesrick Williams,37,41,2,1,42,88.09523809523809,37
Kevin Hurdle,10,12,0,1,7,142.85714285714286,10
Kevin O'Brien,1168,1327,103,28,1411,82.77817150956767,1168
Kevin Pietersen,7361,8430,771,149,8586,85.73258793384579,7361
Kevon Cooper,116,141,9,8,68,170.58823529411765,116
Khaled Ahmed,4,5,1,0,19,21.052631578947366,4
Khaled Mahmud,52,57,5,0,86,60.46511627906976,52
Khaled Mashud,115,125,8,1,203,56.65024630541872,115
Khaleel Ahmed,5,5,0,0,16,31.25,5
Khalid Latif,332,375,33,5,358,92.73743016759776,332
Khary Pierre,56,64,6,1,70,80.0,56
Khaya Zondo,96,105,5,2,157,61.146496815286625,96
Khurram Chohan,34,39,3,1,46,73.91304347826086,34
Khurram Khan,26,29,3,0,45,57.77777777777777,26
Khurram Manzoor,10,11,1,0,18,55.55555555555556,10
Khushdil Shah,51,56,5,0,61,83.60655737704919,51
Kieran Powell,1383,1598,177,19,2178,63.498622589531685,1383
Kieron Pollard,6938,8209,441,415,5622,123.40803984347208,6938
Kinchit Shah,17,19,0,1,15,113.33333333333333,17
Kirk Edwards,807,912,81,12,1454,55.50206327372765,807
Kithuruwan Vithanage,127,150,17,3,175,72.57142857142857,127
Kraigg Brathwaite,1652,1836,176,4,3922,42.12136664966854,1652
Krishmar Santokie,0,0,0,0,0,0.0,0
Krishna Chandran,4,4,0,0,27,14.814814814814813,4
Krishnakant  Upadhyay,12,14,0,1,9,133.33333333333331,12
Krishnappa Gowtham,186,223,13,12,110,169.0909090909091,186
Kruger van Wyk,213,237,24,0,448,47.544642857142854,213
Krunal Pandya,1106,1298,102,45,786,140.71246819338424,1106
Kuldeep Yadav,224,245,21,0,394,56.852791878172596,224
Kumar Sangakkara,8749,9842,933,80,10886,80.36928164615102,8749
Kurtis Patterson,481,538,47,5,439,109.56719817767653,481
Kusal Mendis,2789,3177,326,31,4134,67.46492501209482,2789
Kusal Perera,2158,2475,229,44,2372,90.97807757166947,2158
Kyle Abbott,164,182,14,2,326,50.306748466257666,164
Kyle Coetzer,218,256,32,3,286,76.22377622377621,218
Kyle Hope,174,199,25,0,292,59.589041095890416,174
Kyle Jamieson,231,270,17,11,287,80.48780487804879,231
Kyle Jarvis,52,58,6,0,113,46.017699115044245,52
Kyle Mayers,25,30,1,2,18,138.88888888888889,25
Kyle McCallan,182,201,15,2,225,80.88888888888889,182
Kyle Mills,742,857,57,29,861,86.1788617886179,742
Kyle Verreynne,101,112,5,3,120,84.16666666666667,101
Lahiru Gamage,1,1,0,0,40,2.5,1
Lahiru Kumara,52,60,8,0,131,39.69465648854962,52
Lahiru Madushanka,33,36,3,0,48,68.75,33
Lahiru Thirimanne,2484,2745,219,21,4324,57.446808510638306,2484
Lakshan Sandakan,103,114,11,0,287,35.88850174216028,103
Lakshmipathy Balaji,61,68,3,2,75,81.33333333333333,61
Lance Morris,2,2,0,0,6,33.33333333333333,2
Lasith Embuldeniya,38,44,6,0,105,36.19047619047619,38
Lasith Malinga,449,527,40,19,582,77.14776632302406,449
Laxmi Shukla,405,468,33,15,350,115.71428571428572,405
Lee Carseldine,81,92,11,0,68,119.11764705882352,81
Lendl Simmons,3585,4166,329,126,3685,97.28629579375848,3585
Leon Johnson,200,229,29,0,401,49.87531172069826,200
Lewis Gregory,105,123,8,5,81,129.62962962962962,105
Liam Bowe,2,2,0,0,4,50.0,2
Liam Dawson,115,129,10,2,222,51.80180180180181,115
Liam Hatcher,16,19,1,1,18,88.88888888888889,16
Liam Livingstone,647,769,40,41,477,135.63941299790358,647
Liam O'Connor,5,5,0,0,20,25.0,5
Liam Plunkett,545,626,55,13,591,92.2165820642978,545
Liam Scott,10,11,1,0,12,83.33333333333334,10
Lionel Baker,11,13,2,0,14,78.57142857142857,11
Lionel Cann,44,50,2,2,36,122.22222222222223,44
Liton Das,788,912,104,10,967,81.48914167528439,788
Lloyd Pope,6,7,1,0,11,54.54545454545454,6
Lockie Ferguson,105,115,6,2,171,61.40350877192983,105
Logan van Beek,1,1,0,0,5,20.0,1
Lonwabo Tsotsobe,36,39,3,0,86,41.86046511627907,36
Loots Bosman,295,354,25,17,242,121.900826446281,295
Lorcan Tucker,80,86,6,0,140,57.14285714285714,80
Lou Vincent,77,88,11,0,75,102.66666666666666,77
Love Ablish,0,0,0,0,2,0.0,0
Luke Butterworth,7,7,0,0,14,50.0,7
Luke Doran,7,8,1,0,9,77.77777777777779,7
Luke Feldman,14,16,0,1,12,116.66666666666667,14
Luke Jongwe,27,29,2,0,60,45.0,27
Luke Pomersbach,842,988,90,28,644,130.74534161490683,842
Luke Ronchi,1531,1802,159,56,1408,108.73579545454545,1531
Luke Woodcock,14,15,1,0,22,63.63636363636363,14
Luke Wright,2777,3229,284,84,2353,118.01954951126221,2777
Lungi Ngidi,63,73,6,2,105,60.0,63
Lutho Sipamla,10,10,0,0,14,71.42857142857143,10
Luuk van Troost,6,7,1,0,5,120.0,6
MS Dhoni,21865,24808,1797,573,25188,86.80720978243608,21865
Macalister Wright,178,200,12,5,153,116.33986928104576,178
Mackenzie Harvey,219,255,22,7,195,112.3076923076923,219
Mahela Jayawardene,7546,8510,780,92,9037,83.50116189000775,7546
Mahela Udawatte,116,129,11,1,176,65.9090909090909,116
Mahesh Rawat,55,61,4,1,69,79.71014492753623,55
Mahipal Lomror,87,98,5,3,78,111.53846153846155,87
Mahmudullah,3095,3499,310,47,4306,71.87645146307477,3095
Majid Haq,137,155,16,1,209,65.55023923444976,137
Makhaya Ntini,42,48,6,0,96,43.75,42
Malachi Jones,3,3,0,0,13,23.076923076923077,3
Malcolm Waller,322,361,27,6,466,69.09871244635193,322
Malinda Pushpakumara,113,134,15,3,250,45.2,113
Malinda Warnapura,30,34,4,0,62,48.38709677419355,30
Malinga Bandara,50,57,3,2,92,54.347826086956516,50
Manan Vohra,1012,1187,97,39,768,131.77083333333331,1012
Mandeep Singh,1731,1986,179,38,1393,124.26417803302226,1731
Mangaliso Mosehle,15,18,1,1,12,125.0,15
Manish Pandey,4223,4805,358,112,3550,118.95774647887325,4223
Manjula Guruge,10,11,1,0,16,62.5,10
Manoj Tiwary,1937,2198,177,42,1763,109.86954055587069,1937
Manpreet Gony,99,121,6,8,70,141.42857142857144,99
Manprit Juneja,125,138,11,1,128,97.65625,125
Manvinder  Bisla,794,932,92,23,693,114.57431457431457,794
Marchant de Lange,1,1,0,0,2,50.0,1
Marcus Harris,1276,1472,142,27,1417,90.04940014114327,1276
Marcus North,856,972,86,15,1134,75.48500881834215,856
Marcus Stoinis,4197,4847,362,144,3514,119.43653955606146,4197
Mark Adair,94,108,4,5,132,71.21212121212122,94
Mark Boucher,1267,1418,105,23,1611,78.64680322780882,1267
Mark Chapman,127,146,9,5,114,111.40350877192982,127
Mark Cosgrove,131,147,12,2,151,86.75496688741721,131
Mark Craig,539,617,60,9,986,54.66531440162272,539
Mark Gillespie,6,6,0,0,16,37.5,6
Mark Steketee,99,116,7,5,101,98.01980198019803,99
Mark Stoneman,513,579,64,1,1131,45.35809018567639,513
Mark Vermeulen,35,38,3,0,104,33.65384615384615,35
Mark Wood,448,526,58,10,628,71.3375796178344,448
Marlon Samuels,5092,5889,543,127,6977,72.98265730256557,5092
Marnus Labuschagne,1608,1753,133,6,2544,63.20754716981132,1608
Martin Guptill,8699,10059,904,228,11275,77.1529933481153,8699
Marvan Atapattu,584,656,72,0,1004,58.16733067729084,584
Mashrafe Mortaza,774,915,65,38,769,100.65019505851755,774
Mason Crane,6,6,0,0,11,54.54545454545454,6
Mathew Sinclair,55,62,7,0,213,25.821596244131456,55
Matt Dixon,0,0,0,0,6,0.0,0
Matt Henry,340,402,42,10,409,83.12958435207824,340
Matt Johnston,39,43,0,2,30,130.0,39
Matt Machan,173,195,20,1,213,81.2206572769953,173
Matt Prior,2720,3047,303,12,4226,64.36346426881212,2720
Matt Renshaw,995,1137,94,24,1391,71.5312724658519,995
Matthew Bell,69,81,12,0,158,43.67088607594937,69
Matthew Cross,95,110,15,0,111,85.58558558558559,95
Matthew Day,29,32,1,1,20,145.0,29
Matthew Gale,4,4,0,0,10,40.0,4
Matthew Gilkes,144,164,10,5,138,104.34782608695652,144
Matthew Hayden,2642,3074,298,67,2773,95.27587450414713,2642
Matthew Hoggard,32,33,1,0,122,26.229508196721312,32
Matthew Kelly,61,71,4,3,46,132.6086956521739,61
Matthew Kuhnemann,9,10,1,0,8,112.5,9
Matthew Parker,2,2,0,0,9,22.22222222222222,2
Matthew Short,458,518,28,16,402,113.93034825870647,458
Matthew Wade,3987,4515,330,99,4263,93.52568613652357,3987
Max Bryant,690,825,85,25,476,144.9579831932773,690
Max Sorensen,55,65,4,3,54,101.85185185185186,55
Mayank Agarwal,2828,3306,296,91,3273,86.40391078521235,2828
Mayank Markande,27,30,3,0,29,93.10344827586206,27
Mehidy Hasan,377,438,47,7,646,58.35913312693498,377
Mehrab Hossain jnr,10,11,1,0,17,58.82352941176471,10
Meyrick Buchanan,11,12,1,0,17,64.70588235294117,11
Michael Beer,26,27,1,0,35,74.28571428571429,26
Michael Carberry,474,547,53,10,464,102.15517241379311,474
Michael Chinouya,7,8,1,0,42,16.666666666666664,7
Michael Clarke,5146,5698,502,25,7830,65.72158365261814,5146
Michael Hill,292,334,24,9,240,121.66666666666666,292
Michael Hogan,13,13,0,0,18,72.22222222222221,13
Michael Hussey,6123,6859,530,103,7305,83.81930184804928,6123
Michael Klinger,2163,2449,208,39,1839,117.61827079934748,2163
Michael Leask,75,93,6,6,31,241.93548387096774,75
Michael Lumb,1979,2321,216,63,1598,123.84230287859825,1979
Michael Mason,2,2,0,0,1,200.0,2
Michael Neser,408,464,30,13,342,119.29824561403508,408
Michael Swart,21,24,3,0,27,77.77777777777779,21
Michael Vaughan,413,467,54,0,866,47.6905311778291,413
Michael Yardy,264,285,21,0,302,87.41721854304636,264
Mickey Edwards,0,0,0,0,0,0.0,0
Miguel Cummins,74,90,8,4,179,41.340782122905026,74
Milinda Siriwardana,539,620,43,19,587,91.82282793867121,539
Mir Hamza,4,4,0,0,22,18.181818181818183,4
Mirwais Ashraf,9,9,0,0,26,34.61538461538461,9
Misbah-ul-Haq,3332,3721,271,59,5922,56.26477541371159,3332
Mitchell Johnson,1443,1660,149,34,1795,80.3899721448468,1443
Mitchell Marsh,4167,4766,335,132,4739,87.92994302595484,4167
Mitchell McClenaghan,165,192,11,8,188,87.7659574468085,165
Mitchell Santner,1803,2065,158,52,2868,62.86610878661087,1803
Mitchell Starc,1473,1678,135,35,2154,68.38440111420613,1473
Mitchell Swepson,48,53,3,1,54,88.88888888888889,48
Mithun Manhas,514,577,43,10,470,109.36170212765957,514
Moeen Ali,5273,6075,548,127,7662,68.82015139650221,5273
Mohammad Abbas,50,58,6,1,286,17.482517482517483,50
Mohammad Amir,495,568,55,9,1042,47.50479846449136,495
Mohammad Ashraful,884,997,99,7,1274,69.38775510204081,884
Mohammad Asif,45,51,6,0,158,28.48101265822785,45
Mohammad Hafeez,4232,4856,438,93,5427,77.98046803021927,4232
Mohammad Hasnain,32,39,5,1,28,114.28571428571428,32
Mohammad Irfan,36,43,3,2,93,38.70967741935484,36
Mohammad Kaif,1766,1938,158,7,2637,66.97004171406901,1766
Mohammad Mithun,129,147,16,1,271,47.601476014760145,129
Mohammad Nabi,1095,1260,77,44,969,113.0030959752322,1095
Mohammad Naveed,55,67,4,4,42,130.95238095238096,55
Mohammad Nawaz,140,153,9,2,147,95.23809523809523,140
Mohammad Rafique,67,79,4,4,104,64.42307692307693,67
Mohammad Rizwan,753,848,83,6,1024,73.53515625,753
Mohammad Saifuddin,155,176,17,2,147,105.44217687074831,155
Mohammad Salman,5,5,0,0,6,83.33333333333334,5
Mohammad Sami,127,143,12,2,348,36.49425287356322,127
Mohammad Shahid,32,39,5,1,32,100.0,32
Mohammad Shahzad,199,237,20,9,202,98.51485148514851,199
Mohammad Sharif,30,33,3,0,94,31.914893617021278,30
Mohammad Talha,19,24,3,1,32,59.375,19
Mohammad Tauqir,4,4,0,0,21,19.047619047619047,4
Mohammad Yousuf,1820,2038,180,19,2515,72.36580516898609,1820
Mohammed Shami,715,840,67,29,902,79.26829268292683,715
Mohammed Siraj,59,67,6,1,62,95.16129032258065,59
Mohit Sharma,148,169,13,4,164,90.2439024390244,148
Mohnish  Mishra,237,277,24,8,208,113.9423076923077,237
Moises Henriques,3120,3539,237,91,2665,117.07317073170731,3120
Mominul Haque,614,707,85,4,1153,53.25238508239376,614
Moneeb Iqbal,6,6,0,0,14,42.857142857142854,6
Monty Panesar,57,62,5,0,253,22.529644268774703,57
Morne Morkel,824,956,106,13,1299,63.433410315627405,824
Morne van Wyk,527,610,53,15,480,109.79166666666667,527
Morris Ouma,7,8,1,0,15,46.666666666666664,7
Mosaddek Hossain,222,254,26,3,273,81.31868131868131,222
Mosharraf Hossain,7,7,0,0,18,38.88888888888889,7
Mudassar Bukhari,128,149,13,4,188,68.08510638297872,128
Muhammad Kaleem,2,2,0,0,10,20.0,2
Muhammad Usman,111,125,8,3,119,93.27731092436974,111
Mujeeb Ur Rahman,78,91,9,2,70,111.42857142857143,78
Munaf Patel,173,197,20,2,293,59.044368600682596,173
Munir Dar,4,5,1,0,4,100.0,4
Murali Kartik,162,177,11,2,178,91.01123595505618,162
Murali Vijay,6841,7836,735,130,10956,62.44067177802117,6841
Murugan Ashwin,8,8,0,0,12,66.66666666666666,8
Musavir Khote,24,28,2,1,22,109.09090909090908,24
Mushfiqur Rahim,3312,3698,310,38,4902,67.56425948592411,3312
Mushfiqur Rahman,29,32,3,0,50,57.99999999999999,29
Mustafizur Rahman,57,66,3,3,144,39.58333333333333,57
Muthumudalige Pushpakumara,7,7,0,0,19,36.84210526315789,7
Muttiah Muralitharan,193,221,18,5,262,73.66412213740458,193
Nadeem Ahmed,0,0,0,0,1,0.0,0
Naeem Islam,500,562,44,9,693,72.15007215007215,500
Nafees Iqbal,28,31,3,0,94,29.78723404255319,28
Najeeb Amar,13,16,3,0,16,81.25,13
Najibullah Zadran,418,483,43,11,434,96.31336405529954,418
Najmul Hossain Shanto,37,41,4,0,130,28.46153846153846,37
Naman Ojha,1623,1911,130,79,1464,110.86065573770492,1623
Narayan Jagadeesan,33,37,4,0,29,113.79310344827587,33
Narsingh Deonarine,598,662,48,8,929,64.3702906350915,598
Naseem Shah,25,31,6,0,46,54.347826086956516,25
Nasir Hossain,537,599,50,6,614,87.45928338762215,537
Nasir Jamal,17,19,2,0,52,32.69230769230769,17
Nasir Jamshed,729,820,69,11,904,80.64159292035397,729
Nathan Astle,131,148,15,1,172,76.16279069767442,131
Nathan Bracken,8,8,0,0,39,20.51282051282051,8
Nathan Coulter-Nile,838,986,62,43,689,121.6255442670537,838
Nathan Ellis,83,94,5,3,71,116.90140845070422,83
Nathan Hauritz,244,270,22,2,364,67.03296703296702,244
Nathan Lyon,774,880,90,8,1495,51.77257525083612,774
Nathan McAndrew,54,64,4,3,30,180.0,54
Nathan McCullum,1043,1166,69,27,1183,88.16568047337277,1043
Nathan McSweeney,11,11,0,0,15,73.33333333333333,11
Nathan Reardon,766,882,48,34,618,123.94822006472492,766
Nathan Rimmington,125,138,5,4,126,99.20634920634922,125
Natsai M'shangwe,22,27,1,2,20,110.00000000000001,22
Navdeep Poonia,67,75,8,0,121,55.371900826446286,67
Navdeep Saini,137,158,15,3,155,88.38709677419355,137
Naved-ul-Hasan,155,177,14,4,157,98.72611464968153,155
Naveen-ul-Haq,16,18,2,0,27,59.25925925925925,16
Nawroz Mangal,104,119,9,3,163,63.80368098159509,104
Nayan Doshi,0,0,0,0,13,0.0,0
Nayeem Hasan,19,23,4,0,28,67.85714285714286,19
Nazimuddin,11,12,1,0,24,45.83333333333333,11
Nazmul Hossain,6,6,0,0,17,35.294117647058826,6
Nazmul Islam,14,15,1,0,22,63.63636363636363,14
Nehemiah Odhiambo,66,77,7,2,89,74.15730337078652,66
Neil Broom,738,819,59,11,919,80.30467899891185,738
Neil MacRae,8,9,1,0,21,38.095238095238095,8
Neil McCallum,347,392,27,9,436,79.58715596330275,347
Neil McKenzie,341,388,45,1,670,50.8955223880597,341
Neil Wagner,538,641,61,21,1028,52.33463035019456,538
Nelon Pascal,0,0,0,0,1,0.0,0
Neville Madziva,46,50,4,0,89,51.68539325842697,46
Niall O'Brien,873,963,72,9,1266,68.95734597156398,873
Nic Maddinson,1743,2047,166,69,1410,123.61702127659575,1743
Nicholas Pooran,1639,1943,124,90,1305,125.59386973180075,1639
Nick Buchanan,11,13,0,1,15,73.33333333333333,11
Nick Compton,775,865,84,3,2150,36.04651162790697,775
Nick Hobson,86,97,5,3,74,116.21621621621621,86
Nick Larkin,573,655,56,13,464,123.49137931034481,573
Nick Winter,0,0,0,0,8,0.0,0
Nigel Jones,16,18,0,1,15,106.66666666666667,16
Nikhil Naik,31,33,2,0,50,62.0,31
Nikita Miller,246,275,21,4,295,83.38983050847457,246
Niraj Patel,121,137,14,1,119,101.68067226890756,121
Niroshan Dickwella,1964,2236,240,16,2399,81.86744476865361,1964
Nitin Saini,140,156,16,0,141,99.29078014184397,140
Nitish Rana,1437,1708,127,72,1060,135.56603773584905,1437
Nizakat Khan,92,106,12,1,115,80.0,92
Nkrumah Bonner,24,26,2,0,33,72.72727272727273,24
Noor Ahmad,1,1,0,0,2,50.0,1
Noor Ali Zadran,130,144,14,0,167,77.84431137724552,130
Nurul Hasan,115,128,9,2,170,67.64705882352942,115
Nuwan Kulasekara,631,716,59,13,869,72.61219792865361,631
Nuwan Pradeep,107,119,12,0,244,43.85245901639344,107
Nuwan Zoysa,13,14,1,0,15,86.66666666666667,13
Obed McCoy,11,14,1,1,11,100.0,11
Oliver Davies,86,104,2,8,50,172.0,86
Oliver Pitcher,0,0,0,0,6,0.0,0
Ollie Pope,443,502,57,1,877,50.51311288483467,443
Olly Stone,28,33,5,0,36,77.77777777777779,28
Omari Banks,6,7,1,0,9,66.66666666666666,6
Omer Hussain,15,16,1,0,52,28.846153846153843,15
Oshada Fernando,289,332,35,4,461,62.68980477223427,289
Oshane Thomas,14,17,3,0,37,37.83783783783784,14
Owais Shah,2315,2637,192,65,2396,96.61936560934892,2315
P Hatzoglou,5,6,1,0,14,35.714285714285715,5
PM Sarvesh Kumar,1,1,0,0,2,50.0,1
Paidikalva Vijaykumar,1,1,0,0,1,100.0,1
Pankaj Singh,20,22,2,0,35,57.14285714285714,20
Paras Dogra,127,141,4,5,138,92.02898550724638,127
Pardeep Sahu,19,22,1,1,13,146.15384615384613,19
Parth Desai,2,2,0,0,16,12.5,2
Parthiv Patel,3739,4323,468,58,3526,106.04083947816223,3739
Parvez Rasool,22,23,1,0,26,84.61538461538461,22
Parvinder Awana,5,5,0,0,14,35.714285714285715,5
Pat Brown,4,4,0,0,9,44.44444444444444,4
Pat Cummins,1229,1396,101,33,2080,59.08653846153846,1229
Patrick Browne,1,1,0,0,18,5.555555555555555,1
Paul Collingwood,3458,3889,285,73,4732,73.07692307692307,3458
Paul Harris,45,49,4,0,186,24.193548387096776,45
Paul Hitchcock,13,16,1,1,11,118.18181818181819,13
Paul Hoffmann,37,46,1,4,25,148.0,37
Paul Mooney,1,1,0,0,2,50.0,1
Paul Nixon,19,22,1,1,15,126.66666666666666,19
Paul Stirling,819,949,80,25,896,91.40625,819
Paul Valthaty,505,605,60,20,418,120.8133971291866,505
Pawan Negi,352,408,26,15,282,124.822695035461,352
Pedro Collins,4,4,0,0,35,11.428571428571429,4
Peter Borren,132,150,10,4,147,89.79591836734694,132
Peter Chase,9,10,1,0,23,39.130434782608695,9
Peter Connell,24,29,5,0,35,68.57142857142857,24
Peter Forrest,773,863,62,14,873,88.54524627720504,773
Peter Fulton,766,883,89,14,1765,43.39943342776204,766
Peter George,2,2,0,0,11,18.181818181818183,2
Peter Gillespie,2,2,0,0,10,20.0,2
Peter Handscomb,1965,2190,167,29,2374,82.77169334456613,1965
Peter Ingram,246,282,34,1,365,67.3972602739726,246
Peter McGlashan,101,118,11,3,82,123.17073170731707,101
Peter Moor,245,287,20,11,293,83.61774744027304,245
Peter Nevill,737,820,75,4,1232,59.82142857142857,737
Peter Ongondo,0,0,0,0,2,0.0,0
Peter Siddle,476,529,47,3,994,47.88732394366197,476
Phil Eaglestone,4,5,1,0,3,133.33333333333331,4
Phil Jaques,502,557,49,3,725,69.24137931034483,502
Phil Mustard,60,73,5,4,37,162.16216216216216,60
Phil Salt,551,653,62,20,364,151.37362637362637,551
Phillip Hughes,1116,1272,140,8,1559,71.58434894162924,1116
Pieter Malan,156,167,11,0,530,29.433962264150942,156
Pieter Seelaar,3,3,0,0,9,33.33333333333333,3
Pinal Shah,92,105,9,2,91,101.0989010989011,92
Pite van Biljon,31,34,3,0,28,110.71428571428572,31
Piyush Chawla,626,720,58,18,604,103.64238410596028,626
Prabath Jayasuriya,11,12,1,0,13,84.61538461538461,11
Prabhsimran Singh,31,36,3,1,32,96.875,31
Pradeep Sangwan,24,25,1,0,39,61.53846153846154,24
Pragyan Ojha,161,172,9,1,655,24.580152671755727,161
Prasanna Jayawardene,657,737,70,5,1300,50.53846153846154,657
Prasanth Parameswaran,1,1,0,0,2,50.0,1
Prashant Chopra,8,10,2,0,6,133.33333333333331,8
Prasidh Krishna,3,3,0,0,11,27.27272727272727,3
Praveen Dubey,7,7,0,0,13,53.84615384615385,7
Praveen Kumar,776,900,66,29,802,96.75810473815461,776
Pravin Tambe,18,19,1,0,39,46.15384615384615,18
Prayas Ray Barman,19,21,2,0,24,79.16666666666666,19
Preston Mommsen,43,48,5,0,76,56.57894736842105,43
Prince Masvaure,55,63,8,0,185,29.72972972972973,55
Prithvi Raj,0,0,0,0,1,0.0,0
Prithvi Shaw,1249,1470,159,31,1067,117.05716963448923,1249
Priyam Garg,133,150,9,4,111,119.81981981981981,133
Priyamal Perera,33,35,2,0,58,56.896551724137936,33
Prosper Utseya,268,290,20,1,490,54.69387755102041,268
Qadeer Ahmed,0,0,0,0,1,0.0,0
Qais Ahmad,31,34,1,1,39,79.48717948717949,31
Qaiser Ali,60,69,7,1,41,146.34146341463415,60
Qasim Sheikh,18,21,3,0,43,41.86046511627907,18
Quinton de Kock,11261,13003,1292,225,11926,94.42394767734362,11261
RP Singh,275,304,23,3,597,46.06365159128978,275
Raees Ahmadzai,5,5,0,0,5,100.0,5
Rafatullah Mohmand,16,17,1,0,21,76.19047619047619,16
Rahat Ali,66,75,9,0,252,26.190476190476193,66
Rahkeem Cornwall,15,17,2,0,33,45.45454545454545,15
Rahmanullah Gurbaz,94,112,8,5,65,144.6153846153846,94
Rahmat Shah,247,277,24,3,397,62.21662468513854,247
Rahul Chahar,17,19,2,0,17,100.0,17
Rahul Dravid,10044,11319,1163,56,17098,58.74371271493742,10044
Rahul Sharma,67,78,5,3,76,88.1578947368421,67
Rahul Shukla,19,21,2,0,23,82.6086956521739,19
Rahul Tewatia,366,430,24,20,272,134.55882352941177,366
Rahul Tripathi,988,1157,95,37,733,134.78854024556617,988
Raiphi Gomez,50,57,5,1,51,98.0392156862745,50
Rajagopal Sathish,270,304,22,6,230,117.3913043478261,270
Rajat Bhatia,313,361,22,13,254,123.22834645669292,313
Rajendra Chandrika,53,60,7,0,172,30.813953488372093,53
Rajesh Bishnoi,19,24,1,2,17,111.76470588235294,19
Rajin Saleh,206,235,27,1,339,60.766961651917406,206
Raju Bhatkal,0,0,0,0,2,0.0,0
Rakep Patel,16,17,1,0,23,69.56521739130434,16
Rameez Shahzad,22,24,0,1,33,66.66666666666666,22
Ramesh Powar,205,226,15,3,297,69.02356902356902,205
Ramith Rambukwella,19,22,1,1,16,118.75,19
Ramnaresh Sarwan,2442,2703,209,26,3342,73.07001795332137,2442
Rangana Herath,892,1014,116,3,1641,54.35709932967703,892
Raqibul Hasan,395,429,26,4,624,63.30128205128205,395
Rashid Khan,583,700,43,37,424,137.5,583
Rasikh Salam,5,5,0,0,4,125.0,5
Rassie van der Dussen,1200,1350,84,33,1579,75.9974667511083,1200
Ravi Bishnoi,7,8,1,0,12,58.333333333333336,7
Ravi Bopara,3588,3981,269,62,4010,89.47630922693267,3588
Ravi Rampaul,381,446,39,13,503,75.7455268389662,381
Ravi Shah,10,10,0,0,20,50.0,10
Ravichandran Ashwin,3597,4038,377,32,5645,63.72010628875111,3597
Ravindra Jadeja,6622,7497,523,176,7626,86.83451350642538,6622
Rawl Lewis,21,23,0,1,25,84.0,21
Ray Price,54,60,6,0,96,56.25,54
Rayad Emrit,29,32,1,1,59,49.152542372881356,29
Raymon Reifer,52,60,6,1,198,26.262626262626267,52
Raza Hasan,13,14,1,0,15,86.66666666666667,13
Reece Topley,8,8,0,0,42,19.047619047619047,8
Reece Young,125,138,13,0,347,36.023054755043226,125
Reetinder Sodhi,4,5,1,0,2,200.0,4
Reeza Hendricks,742,838,80,8,823,90.15795868772783,742
Regan West,1,1,0,0,1,100.0,1
Regis Chakabva,147,158,9,1,312,47.11538461538461,147
Reinhardt Strydom,71,80,7,1,130,54.61538461538461,71
Rhett Lockyear,34,38,2,1,42,80.95238095238095,34
Ricardo Powell,5,5,0,0,18,27.77777777777778,5
Richard Gleeson,0,0,0,0,2,0.0,0
Richard Levi,140,170,18,6,129,108.52713178294573,140
Richie Berrington,114,127,9,2,181,62.98342541436463,114
Richmond Mutumbami,121,138,15,1,272,44.48529411764706,121
Ricky Bhui,7,7,0,0,17,41.17647058823529,7
Ricky Ponting,3813,4283,412,29,5415,70.41551246537396,3813
Riki Wessels,205,234,21,4,182,112.63736263736264,205
Rilee Rossouw,1371,1576,143,31,1305,105.05747126436782,1371
Riley Meredith,2,2,0,0,8,25.0,2
Rinku Singh,77,87,6,2,76,101.3157894736842,77
Rishabh Pant,3756,4399,343,150,3402,110.40564373897708,3756
Rishi Dhawan,166,188,14,4,150,110.66666666666667,166
Riyan Parag,246,285,23,8,203,121.18226600985223,246
Rizwan Cheema,15,17,0,1,28,53.57142857142857,15
Rob Key,10,10,0,0,8,125.0,10
Rob Nicol,695,800,63,21,838,82.93556085918854,695
Rob Quiney,896,1050,82,36,696,128.73563218390805,896
Rob Taylor,5,5,0,0,15,33.33333333333333,5
Robin Peterson,362,407,35,5,389,93.05912596401028,362
Robin Uthappa,5365,6257,538,177,4405,121.79341657207718,5365
Robiul Islam,9,10,1,0,17,52.94117647058824,9
Roelof van der Merwe,247,286,17,11,216,114.35185185185186,247
Roger Telemachus,5,5,0,0,3,166.66666666666669,5
Rohan Gavaskar,2,2,0,0,8,25.0,2
Rohan Mustafa,13,15,2,0,35,37.142857142857146,13
Rohan Raje,20,23,1,1,18,111.11111111111111,20
Rohit Sharma,19117,22097,1736,622,19868,96.22005234548017,19117
Romario Shepherd,15,17,0,1,23,65.21739130434783,15
Ronit More,2,2,0,0,2,100.0,2
Ronnie Hira,37,43,4,1,33,112.12121212121211,37
Ronsford Beaton,3,3,0,0,26,11.538461538461538,3
Rony Talukdar,21,23,0,1,22,95.45454545454545,21
Rory Burns,733,825,92,0,1616,45.35891089108911,733
Rory Kleinveldt,87,103,6,5,102,85.29411764705883,87
Roshen Silva,370,406,34,1,903,40.97452934662237,370
Ross Lyons,1,1,0,0,11,9.090909090909092,1
Ross Taylor,13755,15499,1290,227,18097,76.00707299552411,13755
Roston Chase,1126,1255,117,6,1986,56.6968781470292,1126
Rovman Powell,516,602,40,23,519,99.42196531791907,516
Roy Lamsam,16,19,3,0,30,53.333333333333336,16
Royston Crandon,5,6,1,0,9,55.55555555555556,5
Rubel Hossain,107,120,13,0,248,43.145161290322584,107
Rumman Raees,27,32,5,0,23,117.3913043478261,27
Runako Morton,432,471,31,4,610,70.81967213114754,432
Russel Arnold,376,415,33,3,488,77.04918032786885,376
Rusty Theron,11,12,1,0,16,68.75,11
Ruturaj Gaikwad,204,232,16,6,169,120.71005917159763,204
Ruvindu Gunasekera,2,2,0,0,7,28.57142857142857,2
Ryan Burl,26,30,4,0,54,48.148148148148145,26
Ryan Carters,292,320,16,6,289,101.03806228373702,292
Ryan Duffield,1,1,0,0,3,33.33333333333333,1
Ryan Gibson,183,201,14,2,178,102.80898876404494,183
Ryan Haire,2,2,0,0,9,22.22222222222222,2
Ryan Harris,405,457,38,7,493,82.1501014198783,405
Ryan McLaren,548,612,50,7,683,80.23426061493412,548
Ryan Ninan,3,3,0,0,6,50.0,3
Ryan Sidebottom,187,206,19,0,351,53.27635327635327,187
Ryan Watson,146,163,13,2,227,64.31718061674009,146
Ryan ten Doeschate,421,485,30,17,338,124.55621301775149,421
S Badrinath,1626,1853,171,28,1599,101.68855534709193,1626
Saad Ali,11,11,0,0,23,47.82608695652174,11
Saad Nasim,25,25,0,0,32,78.125,25
Sabbir Rahman,1021,1175,114,20,1272,80.26729559748428,1021
Sachin Baby,137,158,11,5,101,135.64356435643566,137
Sachin Rana,91,102,9,1,81,112.34567901234568,91
Sachin Tendulkar,12460,14201,1533,104,17442,71.43676183923861,12460
Sachith Pathirana,166,185,17,1,223,74.43946188340807,166
Sachithra Senanayake,148,163,13,1,167,88.62275449101796,148
Sadeera Samarawickrama,232,264,32,0,287,80.8362369337979,232
Saeed Ajmal,260,283,21,1,461,56.399132321041215,260
Sahibzada Farhan,40,48,2,3,46,86.95652173913044,40
Sajid Mahmood,17,18,1,0,23,73.91304347826086,17
Saleem Mukuddem,7,7,0,0,8,87.5,7
Salman Butt,1656,1901,231,7,2352,70.40816326530613,1656
Sam Billings,1693,1941,168,40,1443,117.32501732501733,1693
Sam Curran,1008,1187,107,36,1276,78.99686520376176,1008
Sam Harper,788,914,80,23,582,135.39518900343643,788
Sam Heazlett,450,524,42,16,374,120.32085561497325,450
Sam Rainbird,23,25,2,0,21,109.52380952380953,23
Sam Robson,336,380,42,1,755,44.503311258278146,336
Sam Whiteman,506,578,46,13,422,119.90521327014218,506
Sami Aslam,322,360,34,2,831,38.748495788206974,322
Samit Patel,783,891,68,20,893,87.68197088465845,783
Samiullah Shinwari,161,181,16,2,272,59.19117647058824,161
Samuel Badree,58,62,2,1,86,67.44186046511628,58
Sanath Jayasuriya,2038,2413,249,63,1818,112.1012101210121,2038
Sandeep Jyoti,6,6,0,0,16,37.5,6
Sandeep Lamichhane,5,5,0,0,9,55.55555555555556,5
Sandeep Sharma,44,47,3,0,57,77.19298245614034,44
Sandun Weerakkody,73,84,9,1,66,110.6060606060606,73
Sanjay Bangar,49,56,1,3,58,84.48275862068965,49
Sanju Samson,2585,3005,186,117,1937,133.45379452762003,2585
Saqib Mahmood,19,21,2,0,22,86.36363636363636,19
Saqlain Haider,7,8,1,0,12,58.333333333333336,7
Sarabjit Ladda,0,0,0,0,9,0.0,0
Sarfaraz Ahmed,2521,2793,234,19,3047,82.73711847719068,2521
Sarfaraz Khan,433,504,49,11,307,141.04234527687296,433
Saurabh Tiwary,1367,1565,104,47,1147,119.18047079337401,1367
Scott Boland,57,61,4,0,65,87.6923076923077,57
Scott Borthwick,18,21,1,1,16,112.5,18
Scott Coyte,85,100,9,3,57,149.12280701754386,85
Scott Henry,6,6,0,0,11,54.54545454545454,6
Scott Kuggeleijn,79,98,5,7,37,213.51351351351352,79
Scott McKechnie,7,8,1,0,6,116.66666666666667,7
Scott Styris,1498,1668,118,26,1737,86.24064478986759,1498
Sean Abbott,429,489,26,17,399,107.51879699248121,429
Sean Terry,20,23,3,0,22,90.9090909090909,20
Sean Williams,609,690,59,11,803,75.84059775840598,609
Seb Gotch,353,392,21,9,343,102.91545189504374,353
Seekkuge Prasanna,243,286,23,10,259,93.82239382239382,243
Senuran Muthusamy,98,108,10,0,278,35.25179856115108,98
Seren Waters,16,17,1,0,42,38.095238095238095,16
Seth Rance,10,10,0,0,21,47.61904761904761,10
Sewnarine Chattergoon,84,97,11,1,135,62.22222222222222,84
Shadab Jakati,28,31,3,0,29,96.55172413793103,28
Shadab Khan,398,445,31,8,508,78.34645669291339,398
Shadman Islam,158,180,22,0,305,51.80327868852459,158
Shafiqullah,77,88,5,3,98,78.57142857142857,77
Shafiul Islam,118,138,16,2,255,46.27450980392157,118
Shahadat Hossain,151,176,21,2,257,58.754863813229576,151
Shahbaz Ahmed,1,1,0,0,1,100.0,1
Shahbaz Nadeem,40,42,2,0,91,43.956043956043956,40
Shaheen Afridi,89,102,7,3,214,41.58878504672897,89
Shahid Afridi,2018,2365,173,87,1615,124.95356037151704,2018
Shahriar Nafees,369,418,49,0,507,72.7810650887574,369
Shahzaib Hasan,24,26,2,0,33,72.72727272727273,24
Shai Hope,2386,2669,231,26,3751,63.60970407891229,2386
Shaiman Anwar,158,181,17,3,205,77.07317073170732,158
Shakib Al Hasan,3760,4245,391,47,4410,85.26077097505669,3760
Shalabh Srivastava,5,5,0,0,5,100.0,5
Shamarh Brooks,66,76,10,0,172,38.372093023255815,66
Shaminda Eranga,120,136,16,0,248,48.38709677419355,120
Shamsur Rahman,48,56,4,2,91,52.74725274725275,48
Shan Masood,547,615,58,5,1121,48.7957181088314,547
Shanan Stewart,26,28,2,0,59,44.06779661016949,26
Shane Bond,94,105,7,2,97,96.90721649484536,94
Shane Dowrich,487,553,60,3,963,50.571131879543096,487
Shane Harwood,12,12,0,0,17,70.58823529411765,12
Shane Shillingford,105,129,10,7,170,61.76470588235294,105
Shane Warne,198,224,14,6,214,92.5233644859813,198
Shane Watson,9675,11379,972,366,9285,104.20032310177707,9675
Shannon Gabriel,93,107,8,3,283,32.86219081272085,93
Shapoor Zadran,12,14,0,1,38,31.57894736842105,12
Sharafuddin Ashraf,13,14,1,0,16,81.25,13
Shardul Thakur,257,302,25,10,255,100.7843137254902,257
Sharjeel Khan,389,468,57,11,321,121.18380062305296,389
Shaun Marsh,8062,9229,783,192,9225,87.3929539295393,8062
Shaun Pollock,634,738,72,16,667,95.05247376311844,634
Shaun Tait,55,63,6,1,72,76.38888888888889,55
Shaun Udal,23,27,4,0,72,31.944444444444443,23
Shawn Findlay,102,115,11,1,133,76.69172932330827,102
Shehan Jayasuriya,147,168,13,4,161,91.30434782608695,147
Sheldon Cottrell,61,73,6,3,94,64.8936170212766,61
Sheldon Jackson,38,43,5,0,31,122.58064516129032,38
Shem Ngoche,0,0,0,0,1,0.0,0
Sherfane Rutherford,114,137,3,10,84,135.71428571428572,114
Shermon Lewis,4,5,1,0,18,22.22222222222222,4
Shikhar Dhawan,14580,16794,1768,223,14704,99.15669205658324,14580
Shimron Hetmyer,1740,2029,135,77,1732,100.46189376443418,1740
Shingi Masakadza,70,81,7,2,90,77.77777777777779,70
Shivam Dube,273,323,14,18,209,130.622009569378,273
Shivam Mavi,23,25,2,0,29,79.3103448275862,23
Shivam Sharma,5,6,1,0,3,166.66666666666669,5
Shivil Kaushik,0,0,0,0,1,0.0,0
Shivnarine Chanderpaul,3328,3670,286,28,5718,58.20216859041623,3328
Shoaib Ahmed,1,1,0,0,6,16.666666666666664,1
Shoaib Akhtar,126,152,16,5,175,72.0,126
Shoaib Malik,3595,4039,322,61,4280,83.99532710280374,3595
Shoaib Shaikh,6,7,1,0,7,85.71428571428571,6
Shreevats Goswami,293,331,32,3,295,99.32203389830508,293
Shreyas Gopal,164,183,17,1,157,104.45859872611464,164
Shreyas Iyer,3328,3844,292,112,2815,118.22380106571937,3328
Shrikant Wagh,2,2,0,0,3,66.66666666666666,2
Shubman Gill,1183,1357,118,28,1134,104.32098765432099,1183
Shuvagata Hom,40,46,6,0,72,55.55555555555556,40
Siddarth Kaul,13,13,0,0,31,41.935483870967744,13
Siddharth Chitnis,99,113,10,2,89,111.23595505617978,99
Siddharth Trivedi,42,47,3,1,59,71.1864406779661,42
Siddhesh Lad,15,18,1,1,13,115.38461538461537,15
Sikandar Raza,419,483,52,6,628,66.71974522292994,419
Simi Singh,90,97,7,0,141,63.829787234042556,90
Simon Harmer,58,63,5,0,174,33.33333333333333,58
Simon Katich,1645,1869,184,20,2575,63.883495145631066,1645
Simon Keen,66,76,6,2,54,122.22222222222223,66
Simon Milenko,333,383,24,13,276,120.65217391304348,333
Sir Alastair Cook,9670,10830,1132,14,18350,52.69754768392371,9670
Sir Andrew Strauss,3700,4153,417,18,6127,60.38844458952178,3700
Skhawat Ali,0,0,0,0,3,0.0,0
Sohag Gazi,152,170,14,2,176,86.36363636363636,152
Sohaib Maqsood,398,444,32,7,488,81.55737704918032,398
Sohail Khan,153,181,22,3,215,71.16279069767441,153
Sohail Tanvir,269,317,34,7,303,88.77887788778878,269
Sohrawordi Shuvo,29,33,2,1,27,107.40740740740742,29
Solomon Mire,130,153,13,5,124,104.83870967741935,130
Soumya Sarkar,1198,1404,164,21,1405,85.26690391459076,1198
Sourav Ganguly,4375,4996,471,75,6168,70.93060959792477,4375
Sreenath Aravind,59,66,7,0,57,103.50877192982458,59
Sreesanth,370,427,49,4,702,52.70655270655271,370
Sridharan Sriram,91,101,10,0,132,68.93939393939394,91
Srikkanth Anirudha,136,159,9,7,113,120.35398230088497,136
Stephan Myburgh,90,110,14,3,59,152.54237288135593,90
Stephen Cook,632,698,66,0,1402,45.07845934379458,632
Stephen Fleming,440,514,64,5,477,92.24318658280922,440
Stephen Parry,3,3,0,0,3,100.0,3
Steve Harmison,85,95,10,0,156,54.48717948717948,85
Steve O'Keefe,429,487,44,7,491,87.37270875763747,429
Steve Paulsen,35,38,1,1,26,134.6153846153846,35
Steve Tikolo,25,27,2,0,66,37.878787878787875,25
Steven Davies,346,394,48,0,307,112.70358306188926,346
Steven Finn,412,465,47,3,1054,39.08918406072106,412
Steven Outerbridge,9,10,1,0,16,56.25,9
Steven Smith,11518,12918,1108,146,14676,78.48187517034614,11518
Stiaan van Zyl,395,454,59,0,778,50.77120822622108,395
Stuart Binny,1150,1322,96,38,1115,103.13901345291481,1150
Stuart Broad,2476,2817,257,42,3621,68.3789008561171,2476
Stuart Carlisle,9,10,1,0,24,37.5,9
Stuart Clark,106,120,12,1,150,70.66666666666667,106
Stuart MacGill,6,7,1,0,5,120.0,6
Stuart Matsikenyeri,126,147,13,4,132,95.45454545454545,126
Stuart Meaker,2,2,0,0,16,12.5,2
Stuart Poynter,15,16,1,0,18,83.33333333333334,15
Stuart Thompson,42,48,6,0,44,95.45454545454545,42
Subashis Roy,15,18,3,0,36,41.66666666666667,15
Sudeep Tyagi,4,4,0,0,6,66.66666666666666,4
Sulieman Benn,244,282,30,4,340,71.76470588235294,244
Sumit Narwal,14,16,2,0,12,116.66666666666667,14
Sunil Ambris,239,267,26,1,341,70.08797653958945,239
Sunil Dhaniram,33,37,4,0,44,75.0,33
Sunil Joshi,6,6,0,0,14,42.857142857142854,6
Sunil Narine,1434,1734,154,73,1154,124.263431542461,1434
Sunny Gupta,0,0,0,0,1,0.0,0
Sunny Singh,43,51,6,1,31,138.70967741935485,43
Sunny Sohal,368,438,34,18,292,126.02739726027397,368
Suraj Randiv,283,311,28,0,517,54.73887814313346,283
Suranga Lakmal,544,624,68,6,1079,50.417052826691375,544
Suresh Raina,12905,14803,1172,363,12112,106.54722589167767,12905
Suryakumar Yadav,2024,2361,221,58,1504,134.5744680851064,2024
Swapnil Asnodkar,423,499,56,10,339,124.7787610619469,423
Swapnil Patil,65,71,6,0,128,50.78125,65
Swapnil Singh,12,12,0,0,20,60.0,12
Syed Rasel,14,14,0,0,36,38.88888888888889,14
Sylvester Joseph,7,8,1,0,26,26.923076923076923,7
T Natarajan,4,4,0,0,14,28.57142857142857,4
TP Sudhindra,0,0,0,0,0,0.0,0
Tabarak Dar,21,23,2,0,37,56.75675675675676,21
Tabraiz Shamsi,24,26,2,0,62,38.70967741935484,24
Tafadzwa Kamungozi,1,1,0,0,4,25.0,1
Taijul Islam,110,124,14,0,342,32.16374269005848,110
Tamim Iqbal,3692,4221,455,37,4658,79.26148561614427,3692
Tanbir Hayder,5,5,0,0,16,31.25,5
Tanmay Mishra,49,53,2,1,66,74.24242424242425,49
Tanmay Srivastava,8,8,0,0,11,72.72727272727273,8
Tanveer Sangha,0,0,0,0,0,0.0,0
Tanvir Ahmed,25,29,4,0,42,59.523809523809526,25
Tanwir Afzal,12,15,1,1,10,120.0,12
Tapash Baisya,24,27,3,0,18,133.33333333333331,24
Tarisai Musakanda,22,27,1,2,23,95.65217391304348,22
Tarun Nethula,12,13,1,0,11,109.09090909090908,12
Taruwar Kohli,11,13,0,1,19,57.89473684210527,11
Taskin Ahmed,102,113,5,3,231,44.15584415584416,102
Tatenda Taibu,344,373,25,2,478,71.96652719665272,344
Taufeeq Umar,243,284,41,0,537,45.2513966480447,243
Taurai Muzarabani,6,7,1,0,13,46.15384615384615,6
Tawanda Mupariwa,2,2,0,0,11,18.181818181818183,2
Temba Bavuma,2429,2744,285,15,4368,55.608974358974365,2429
Tendai Chatara,80,92,10,1,144,55.55555555555556,80
Tendai Chisoro,22,27,1,2,23,95.65217391304348,22
Terry Duffin,12,14,2,0,22,54.54545454545454,12
Thalaivan Sargunam,10,10,0,0,17,58.82352941176471,10
Tharanga Paranavitana,759,860,97,2,1749,43.39622641509434,759
Tharindu Kaushal,53,61,8,0,136,38.970588235294116,53
Theo Doropoulos,12,14,2,0,15,80.0,12
Theunis de Bruyn,428,497,65,2,913,46.87842278203724,428
Thilan Samaraweera,1123,1245,120,1,2080,53.99038461538461,1123
Thilan Thushara,281,315,26,4,306,91.83006535947712,281
Thilina Kandamby,553,603,50,0,742,74.52830188679245,553
Thinus Fourie,18,22,2,1,8,225.0,18
Thisara Perera,2469,2881,190,111,1918,128.72784150156414,2469
Thomas Odoyo,114,129,9,3,92,123.91304347826086,114
Thomas Rogers,25,26,1,0,39,64.1025641025641,25
Tillakaratne Dilshan,7198,8195,851,73,7872,91.4380081300813,7198
Tim Ambrose,52,57,5,0,135,38.51851851851852,52
Tim Armstrong,43,48,1,2,59,72.88135593220339,43
Tim Bresnan,1294,1458,134,15,1489,86.90396239086635,1294
Tim Cruickshank,17,20,1,1,30,56.666666666666664,17
Tim David,302,349,21,13,204,148.03921568627453,302
Tim Ludeman,927,1072,87,29,753,123.10756972111554,927
Tim McIntosh,527,594,55,6,1405,37.50889679715302,527
Tim Murtagh,58,66,8,0,76,76.31578947368422,58
Tim Paine,3130,3537,337,35,4657,67.21065063345502,3130
Tim Seifert,690,820,54,38,496,139.11290322580646,690
Tim Southee,2692,3168,240,118,2875,93.63478260869566,2692
Tim de Leede,24,25,1,0,33,72.72727272727273,24
Timm van der Gugten,17,17,0,0,21,80.95238095238095,17
Timycen Maruma,60,67,3,2,115,52.17391304347826,60
Tinashe Panyangara,29,34,5,0,60,48.333333333333336,29
Tino Best,151,173,16,3,265,56.9811320754717,151
Tino Mawoyo,90,101,11,0,297,30.303030303030305,90
Tinotenda Mutombodzi,31,36,1,2,41,75.60975609756098,31
Tirumalasetti Suman,665,771,54,26,561,118.53832442067736,665
Toby Roland-Jones,119,142,15,4,155,76.77419354838709,119
Todd Astle,131,147,16,0,294,44.5578231292517,131
Tom Andrews,5,5,0,0,11,45.45454545454545,5
Tom Banton,580,691,55,28,434,133.64055299539172,580
Tom Beaton,194,222,14,7,128,151.5625,194
Tom Blundell,465,524,57,1,988,47.06477732793522,465
Tom Bruce,208,238,18,6,176,118.18181818181819,208
Tom Cooper,1472,1684,128,42,1247,118.04330392943064,1472
Tom Curran,835,957,82,20,777,107.46460746460747,835
Tom Latham,5573,6209,558,39,10049,55.45825455269181,5573
Tom O'Connell,9,10,1,0,7,128.57142857142858,9
Tom Triffitt,174,202,12,8,141,123.40425531914893,174
Tom Westley,193,226,33,0,453,42.60485651214128,193
Tom de Grooth,55,63,6,1,46,119.56521739130434,55
Travis Birt,784,925,71,35,555,141.26126126126127,784
Travis Dean,18,19,1,0,18,100.0,18
Travis Dowlin,187,208,21,0,279,67.02508960573476,187
Travis Head,3472,3938,302,82,4040,85.94059405940594,3472
Trent Boult,720,846,70,28,1125,64.0,720
Trent Copeland,1,1,0,0,3,33.33333333333333,1
Trent Johnston,357,406,17,16,338,105.62130177514793,357
Trent Lawford,23,26,3,0,22,104.54545454545455,23
Trevin Bastiampillai,2,2,0,0,5,40.0,2
Tushar Deshpande,21,25,2,1,12,175.0,21
Tymal Mills,9,11,0,1,20,45.0,9
Tyron Henderson,11,13,0,1,18,61.111111111111114,11
Udara Jayasundera,30,32,2,0,77,38.961038961038966,30
Uday Kaul,0,0,0,0,1,0.0,0
Udit Birla,7,8,1,0,14,50.0,7
Umar Akmal,2004,2246,164,39,2280,87.89473684210526,2004
Umar Amin,211,245,26,4,280,75.35714285714286,211
Umar Bhatti,44,48,2,1,94,46.808510638297875,44
Umar Gul,487,580,43,25,660,73.7878787878788,487
Umesh Yadav,517,605,50,19,941,54.94155154091393,517
Unmukt Chand,263,309,28,9,261,100.76628352490422,263
Upul Chandana,113,124,11,0,170,66.47058823529412,113
Upul Tharanga,2557,2938,315,33,3315,77.13423831070891,2557
Usman Ghani,16,17,1,0,28,57.14285714285714,16
Usman Khawaja,5011,5666,555,50,6805,73.63703159441587,5011
Usman Limbada,5,5,0,0,12,41.66666666666667,5
Usman Qadir,9,9,0,0,19,47.368421052631575,9
Usman Shinwari,11,13,0,1,13,84.61538461538461,11
VVS Laxman,4374,4904,518,6,8758,49.942909340031974,4374
Varun Aaron,93,104,7,2,197,47.20812182741117,93
Varun Chakravarthy,10,10,0,0,15,66.66666666666666,10
Veer Pratap Singh,0,0,0,0,1,0.0,0
Veerasammy Permaul,63,74,9,1,94,67.02127659574468,63
Venugopal Rao,1203,1376,93,40,1199,100.33361134278564,1203
Vernon Philander,1331,1515,160,12,3051,43.625040970173714,1331
Vidyut Sivaramakrishnan,145,172,21,3,109,133.0275229357798,145
Vijay Shankar,961,1101,72,34,812,118.34975369458127,961
Vijay Zol,29,34,3,1,26,111.53846153846155,29
Vikram Singh,59,70,11,0,58,101.72413793103448,59
Vikram Solanki,72,84,8,2,80,90.0,72
Vikramjeet Malik,7,8,1,0,7,100.0,7
Vikrant Yeligati,2,2,0,0,2,100.0,2
Vikum Sanjaya,5,6,1,0,3,166.66666666666669,5
Vinay Kumar,373,416,27,8,429,86.94638694638695,373
Virat Kohli,28069,31634,2711,427,32208,87.14915548931941,28069
Virender Sehwag,12881,15131,1734,258,11911,108.14373268407354,12881
Vishnu Vinod,19,22,1,1,26,73.07692307692307,19
Vishwa Fernando,36,38,2,0,115,31.30434782608696,36
Vriitya Aravind,14,17,3,0,13,107.6923076923077,14
Vusi Sibanda,684,774,72,9,1116,61.29032258064516,684
Wahab Riaz,500,570,38,16,758,65.96306068601582,500
Waheed Ahmed,18,22,2,1,10,180.0,18
Wanindu Hasaranga,216,242,20,3,186,116.12903225806453,216
Washington Sundar,296,341,27,9,355,83.38028169014085,296
Wasim Jaffer,1670,1905,223,6,3260,51.22699386503068,1670
Wavell Hinds,89,99,8,1,181,49.171270718232044,89
Wayne Parnell,576,640,48,8,804,71.64179104477611,576
Wellington Masakadza,3,3,0,0,3,100.0,3
Wes Agar,18,20,2,0,16,112.5,18
Wesley Barresi,88,99,5,3,117,75.21367521367522,88
Wiaan Mulder,74,86,12,0,89,83.14606741573034,74
Wil Parker,12,13,1,0,10,120.0,12
Wilkin Mota,56,58,2,0,75,74.66666666666667,56
Will Jacks,44,51,3,2,36,122.22222222222223,44
Will Sutherland,64,71,3,2,68,94.11764705882352,64
Will Young,5,6,1,0,11,45.45454545454545,5
William Bosisto,102,113,11,0,105,97.14285714285714,102
William Perkins,9,10,1,0,11,81.81818181818183,9
William Porterfield,1204,1331,109,9,1860,64.73118279569893,1204
William Sheridan,67,71,4,0,68,98.52941176470588,67
William Somerville,75,79,4,0,299,25.08361204013378,75
Wriddhiman Saha,3201,3654,303,75,4163,76.89166466490511,3201
Xavier Bartlett,2,2,0,0,4,50.0,2
Xavier Doherty,110,120,8,1,198,55.55555555555556,110
Xavier Marshall,230,265,27,4,328,70.1219512195122,230
Yashasvi Jaiswal,40,46,2,2,44,90.9090909090909,40
Yashpal Singh,47,52,5,0,66,71.21212121212122,47
Yasir Arafat,95,106,11,0,78,121.79487179487178,95
Yasir Hameed,142,166,22,1,273,52.01465201465202,142
Yasir Shah,315,357,36,3,591,53.299492385786806,315
Yo Mahesh,15,15,0,0,27,55.55555555555556,15
Yogesh Nagar,285,323,20,9,259,110.03861003861005,285
Yogesh Takawale,192,224,26,3,178,107.86516853932584,192
Younis Khan,3302,3697,345,25,5273,62.62089891902143,3302
Yusuf Abdulla,0,0,0,0,1,0.0,0
Yusuf Pathan,4212,4976,332,216,3083,136.6201751540707,4212
Yuvraj Singh,11298,13141,1111,366,12106,93.3256236576904,11298
Yuzvendra Chahal,62,66,4,0,115,53.91304347826087,62
Zafar Ansari,49,54,5,0,136,36.029411764705884,49
Zafar Gohar,86,101,13,1,141,60.99290780141844,86
Zaheer Khan,1253,1451,134,32,2157,58.08993973110802,1253
Zahir Khan,24,27,1,1,17,141.1764705882353,24
Zak Crawley,217,250,33,0,450,48.22222222222222,217
Zak Evans,2,2,0,0,4,50.0,2
Zawar Farid,15,18,3,0,20,75.0,15
Ziaur Rahman,38,46,2,3,31,122.58064516129032,38
Zubayr Hamza,181,210,25,2,340,53.23529411764706,181
Zubin Surkari,20,22,2,0,56,35.714285714285715,20
Zulfiqar Babar,71,81,6,2,96,73.95833333333334,71
Zulqarnain Haider,88,103,15,0,201,43.78109452736319,88
