Bowler,Wickets,Runs,Overs,Econ,fantasy_points,Maidens,recent_form
AB de Villiers,7,196,31.0,6.32258064516129,175,0,7
Aamer Yamin,3,102,15.0,6.8,75,0,3
Aaron Finch,10,559,80.3,6.961394769613948,250,0,10
Aaron Hardie,7,206,26.0,7.923076923076923,175,0,7
Aaron Heal,3,86,12.0,7.166666666666667,75,0,3
Aaron O'Brien,22,604,85.0,7.105882352941176,550,0,22
Aaron Phangiso,36,894,170.1,5.255731922398589,936,4,36
Aaron Redmond,4,89,13.5,6.592592592592593,108,1,4
Aaron Summers,0,31,3.0,10.333333333333334,0,0,0
Aavishkar Salvi,7,200,25.0,8.0,175,0,7
Abdul Razzaq,38,1516,280.7,5.400783754898469,1074,15,38
Abdul Samad,1,96,7.0,13.714285714285714,25,0,1
Abdur Rauf,2,66,10.0,6.6,50,0,2
Abdur Razzak,50,2015,392.2,5.137684854665987,1366,14,50
Abdur Rehman,39,959,326.5,2.9372128637059722,1555,72,39
Abhimanyu Mithun,18,1094,194.0,5.639175257731959,630,22,18
Abhinav Mukund,0,14,2.0,7.0,0,0,0
Abhishek Jhunjhunwala,1,129,14.1,9.148936170212766,25,0,1
Abhishek Nayar,9,339,41.1,8.248175182481752,225,0,9
Abhishek Raut,0,44,5.0,8.8,0,0,0
Abhishek Sharma,3,112,12.0,9.333333333333334,75,0,3
Abrar Kazi,0,21,2.0,10.5,0,0,0
Abu Hider,1,67,8.0,8.375,25,0,1
Abu Jayed,9,382,94.5,4.042328042328043,357,16,9
Abu Nechim,12,498,57.2,8.706293706293707,308,1,12
Abul Hasan,0,9,1.0,9.0,0,0,0
Adam Gilchrist,1,0,0.1,0.0,29,0,1
Adam Lyth,0,0,1.0,0.0,12,1,0
Adam Milne,36,1345,201.4,6.6782522343594835,916,2,36
Adam Voges,11,363,65.1,5.5760368663594475,295,2,11
Adam Zampa,214,5626,892.3,6.305054353916844,5398,6,214
Adeel Raja,0,21,2.0,10.5,0,0,0
Adil Rashid,278,8722,1692.1,5.154541693753324,7442,61,278
Aditya Dole,5,112,11.0,10.181818181818182,125,0,5
Aftab Ahmed,0,111,20.2,5.4950495049504955,4,0,0
Aftab Alam,3,123,22.0,5.590909090909091,95,2,3
Afzaal Haider,1,72,6.0,12.0,25,0,1
Ahillen Beadle,1,61,8.0,7.625,25,0,1
Ahmed Raza,1,60,12.0,5.0,29,0,1
Ahmed Shehzad,1,54,7.4,7.297297297297297,25,0,1
Ahsan Malik,5,33,7.0,4.714285714285714,129,0,5
Aiden Markram,3,219,46.8,4.67948717948718,103,3,3
Aizaz Cheema,5,275,58.4,4.708904109589041,137,1,5
Aizaz Khan,1,41,8.0,5.125,29,0,1
Ajantha Mendis,123,3415,683.8,4.99415033635566,3439,45,123
Ajaz Patel,15,535,190.1,2.814308258811152,723,43,15
Ajinkya Rahane,1,5,1.0,5.0,29,0,1
Ajit  Chandila,11,203,35.0,5.8,279,0,11
Ajit Agarkar,124,3918,700.2,5.5955441302485,3528,53,124
Ajmal Shahzad,24,650,125.6,5.17515923566879,676,9,24
Akila Dananjaya,75,2001,395.2,5.063259109311741,2031,19,75
Al-Amin Hossain,24,458,72.6,6.308539944903582,640,5,24
Alasdair Evans,3,129,22.0,5.863636363636363,95,2,3
Albie Morkel,99,2998,364.8,8.218201754385964,2499,3,99
Alex Cusack,13,346,70.8,4.887005649717515,353,3,13
Alex Hales,0,2,3.0,0.6666666666666666,12,1,0
Alex Keath,0,27,1.0,27.0,0,0,0
Alfonso Thomas,35,980,132.7,7.385079125847778,891,2,35
Ali Murtaza,9,313,44.0,7.113636363636363,225,0,9
Alister McDermott,23,513,61.3,8.368678629690049,583,1,23
Alok Kapali,0,75,13.0,5.769230769230769,4,0,0
Alviro Petersen,0,14,4.0,3.5,4,0,0
Alzarri Joseph,63,1700,336.7,5.049005049005049,1907,41,63
Ambati Rayudu,3,124,20.1,6.169154228855721,83,1,3
Amila Aponso,11,274,55.5,4.936936936936937,287,1,11
Amir Hamza,2,54,8.0,6.75,50,0,2
Amir Hayat,2,26,4.0,6.5,50,0,2
Amit Mishra,305,8053,1668.1,4.827648222528626,8773,143,305
Amit Singh,28,620,78.1,7.9385403329065305,708,1,28
Amit Uniyal,2,66,6.0,11.0,50,0,2
Amjad Javed,1,117,14.0,8.357142857142858,25,0,1
Amjad Khan,2,34,4.0,8.5,50,0,2
Anand Rajan,8,201,24.5,8.204081632653061,200,0,8
Anaru Kitchen,2,46,6.0,7.666666666666667,50,0,2
Anderson Cummins,1,74,9.0,8.222222222222221,25,0,1
Andile Phehlukwayo,93,2598,443.0,5.864559819413093,2481,19,93
Andre Adams,3,104,15.3,6.7973856209150325,75,0,3
Andre Botha,28,820,176.0,4.659090909090909,816,14,28
Andre Fletcher,0,34,5.4,6.296296296296296,0,0,0
Andre McCarthy,0,12,2.0,6.0,0,0,0
Andre Nel,23,603,164.7,3.66120218579235,795,27,23
Andre Russell,157,4746,623.2,7.61553273427471,3981,7,157
Andrew Ellis,12,392,67.0,5.850746268656716,320,2,12
Andrew Fekete,10,405,39.5,10.253164556962025,250,0,10
Andrew Flintoff,54,1458,355.0,4.107042253521127,1690,42,54
Andrew Hall,11,344,69.9,4.9213161659513585,287,1,11
Andrew Mathieson,1,40,4.0,10.0,25,0,1
Andrew McDonald,16,408,46.0,8.869565217391305,400,0,16
Andrew Symonds,37,1286,256.0,5.0234375,1105,22,37
Andrew Tye,173,3812,478.4,7.9682274247491645,4349,3,173
Andrew White,7,321,62.8,5.111464968152866,195,2,7
Andy Blignaut,3,127,28.0,4.535714285714286,95,2,3
Andy McBrine,8,427,77.0,5.545454545454546,212,1,8
Andy McKay,19,694,135.2,5.133136094674557,551,9,19
Angelo Mathews,137,4850,1042.5,4.652278177458034,4469,130,137
Angelo Perera,0,16,3.0,5.333333333333333,4,0,0
Aniket Choudhary,5,144,16.5,8.727272727272727,141,2,5
Anil Kumble,192,5825,1678.4,3.4705672068636795,6964,270,192
Ankeet Chavan,8,326,41.2,7.912621359223301,200,0,8
Ankit Rajpoot,24,814,88.1,9.23950056753689,608,1,24
Ankit Sharma,12,450,61.1,7.3649754500818325,300,0,12
Ankit Soni,2,144,18.1,7.955801104972375,50,0,2
Anrich Nortje,58,1617,309.3,5.227934044616877,1670,27,58
Anthony Ireland,4,113,20.0,5.65,104,0,4
Anthony Martin,11,239,55.0,4.345454545454546,303,3,11
Anton Devcich,1,151,23.0,6.565217391304348,25,0,1
Anukul Roy,1,11,2.0,5.5,29,0,1
Anureet Singh,18,623,68.0,9.161764705882353,450,0,18
Anwar Ali,7,419,70.0,5.985714285714286,187,1,7
Arafat Sunny,3,134,21.0,6.380952380952381,75,0,3
Arjun Nair,22,583,76.0,7.671052631578948,550,0,22
Arshad Khan,10,221,44.0,5.0227272727272725,270,2,10
Arshdeep Singh,12,327,34.5,9.478260869565217,308,1,12
Asad Ali,1,55,12.0,4.583333333333333,37,1,1
Asad Pathan,0,63,6.3,10.0,0,0,0
Asad Shafiq,0,49,15.0,3.2666666666666666,4,0,0
Asela Gunaratne,4,361,53.5,6.747663551401869,100,0,4
Ashan Priyanjan,2,130,23.1,5.627705627705628,62,1,2
Ashish Nehra,226,5913,882.1,6.7033216188640745,5882,29,226
Ashish Reddy,18,396,43.0,9.209302325581396,450,0,18
Ashley Noffke,3,109,17.0,6.411764705882353,75,0,3
Ashley Nurse,25,1309,212.5,6.16,633,1,25
Ashok Dinda,96,2878,375.8,7.658328898350186,2448,6,96
Ashok Menaria,3,144,18.2,7.912087912087912,75,0,3
Ashton Agar,75,2328,351.6,6.621160409556314,1915,5,75
Ashton Turner,14,262,37.0,7.081081081081081,350,0,14
Ashwell Prince,0,16,3.0,5.333333333333333,4,0,0
Asif Ali,0,9,0.5,18.0,0,0,0
Avesh Khan,5,299,30.0,9.966666666666667,125,0,5
Axar Patel,135,3981,683.7,5.822729267222465,3531,19,135
Azhar Ali,4,265,55.5,4.774774774774775,120,2,4
Azhar Mahmood,31,805,104.9,7.67397521448999,783,1,31
Balachandra Akhil,6,242,31.2,7.756410256410256,150,0,6
Balaji Rao,2,93,13.0,7.153846153846154,50,0,2
Barinder Sran,31,1067,138.5,7.703971119133574,799,3,31
Barry McCarthy,8,337,49.0,6.877551020408164,224,3,8
Basil Thampi,17,694,70.1,9.900142653352354,425,0,17
Beau Webster,1,169,22.0,7.681818181818182,25,0,1
Ben Cutting,81,2684,321.6,8.345771144278606,2041,2,81
Ben Dunk,2,89,10.0,8.9,50,0,2
Ben Dwarshuis,75,1800,224.8,8.00711743772242,1891,2,75
Ben Edmondson,15,332,37.9,8.759894459102902,383,1,15
Ben Hilfenhaus,113,2824,547.4,5.158933138472781,3357,66,113
Ben Laughlin,121,2928,349.4,8.380080137378364,3033,1,121
Ben Oakley,0,50,4.0,12.5,0,0,0
Ben Rohrer,0,12,1.0,12.0,0,0,0
Ben Stokes,242,8498,1893.8,4.487274263385785,7998,243,242
Ben Wheeler,8,320,34.1,9.384164222873899,208,1,8
Benjamin Manenti,15,401,58.0,6.913793103448276,375,0,15
Benny Howell,0,36,5.0,7.2,0,0,0
Berend Westdijk,1,56,7.0,8.0,25,0,1
Bernard Loots,1,44,7.0,6.285714285714286,25,0,1
Beuran Hendricks,31,960,136.7,7.022677395757133,823,6,31
Bharat Chipli,0,20,1.0,20.0,0,0,0
Bhargav Bhatt,12,397,48.8,8.135245901639344,300,0,12
Bhuvneshwar Kumar,361,10312,2003.7,5.1464790138244245,10709,210,361
Bilal Asif,14,317,143.4,2.210599721059972,594,30,14
Bilawal Bhatti,8,311,41.1,7.566909975669099,208,1,8
Billy Stanlake,83,2307,301.2,7.659362549800797,2107,4,83
Billy Stelling,1,21,10.0,2.1,37,1,1
Bipul Sharma,17,572,70.6,8.101983002832862,425,0,17
Bjorn Fortuin,3,80,10.0,8.0,75,0,3
Blair Tickner,5,212,22.0,9.636363636363637,125,0,5
Blake Dean,1,29,2.0,14.5,25,0,1
Blessing Mahwire,2,59,13.1,4.5038167938931295,54,0,2
Blessing Muzarabani,5,107,21.0,5.095238095238095,145,2,5
Boyd Rankin,40,1114,228.3,4.879544459045116,1108,13,40
Brad Hodge,18,378,47.0,8.042553191489361,450,0,18
Brad Hogg,115,3138,542.5,5.784331797235023,3047,21,115
Brad Young,5,120,18.0,6.666666666666667,125,0,5
Bradley Kruger,0,23,3.3,6.96969696969697,0,0,0
Brandon Mavuta,2,81,12.0,6.75,50,0,2
Brendan Doggett,24,630,72.9,8.641975308641975,600,0,24
Brendan Drew,4,90,12.0,7.5,100,0,4
Brendan Nash,0,68,16.0,4.25,4,0,0
Brendan Taylor,0,15,3.0,5.0,4,0,0
Brendon Diamanti,0,25,2.0,12.5,0,0,0
Brendon McCullum,1,88,28.7,3.0662020905923346,69,5,1
Brent Arnel,9,502,156.0,3.217948717948718,509,35,9
Brenton McDonald,1,28,3.0,9.333333333333334,25,0,1
Brett Geeves,1,91,8.0,11.375,25,0,1
Brett Lee,183,5480,1095.3,5.0031954715603035,5443,108,183
Brian Vitori,6,343,66.5,5.157894736842105,186,4,6
Bruce Martin,10,471,210.0,2.242857142857143,814,70,10
Bryce McGain,2,113,10.0,11.3,50,0,2
Calum MacLeod,1,61,12.0,5.083333333333333,29,0,1
Cameron Borgas,0,20,1.0,20.0,0,0,0
Cameron Boyce,87,2163,284.6,7.600140548137737,2175,0,87
Cameron Gannon,27,628,69.2,9.07514450867052,683,1,27
Cameron Green,0,124,38.0,3.263157894736842,44,5,0
Cameron Stevenson,2,69,7.0,9.857142857142858,50,0,2
Cameron Valente,7,282,31.0,9.096774193548388,175,0,7
Cameron White,10,581,122.0,4.762295081967213,318,8,10
Carl Sandri,2,53,6.0,8.833333333333334,50,0,2
Carlos Brathwaite,84,2818,398.6,7.069744104365278,2196,12,84
Chadd Sayers,2,146,49.0,2.979591836734694,142,11,2
Chamara Kapugedera,0,90,11.5,7.826086956521739,0,0,0
Chamara Silva,0,21,1.0,21.0,0,0,0
Chaminda Bandara,1,94,11.0,8.545454545454545,25,0,1
Chaminda Vaas,40,1286,262.7,4.895317853064332,1292,36,40
Chamu Chibhabha,5,357,79.5,4.490566037735849,177,6,5
Chanaka Welegedara,27,1242,259.0,4.795366795366795,895,27,27
Chandrapaul Hemraj,0,9,1.1,8.181818181818182,0,0,0
Chandrasekar Ganapathy,0,13,1.0,13.0,0,0,0
Charl Langeveldt,37,873,145.3,6.0082587749483825,957,4,37
Chaturanga de Silva,1,135,20.0,6.75,25,0,1
Chetanya Nanda,2,57,8.0,7.125,50,0,2
Cheteshwar Pujara,0,2,1.0,2.0,4,0,0
Chris Barnwell,1,39,4.0,9.75,25,0,1
Chris Cairns,0,25,5.0,5.0,4,0,0
Chris Gayle,61,2620,465.5,5.628356605800215,1673,18,61
Chris Green,45,1277,173.5,7.360230547550432,1133,1,45
Chris Jordan,177,5236,815.0,6.424539877300614,4945,65,177
Chris Lynn,3,75,11.0,6.818181818181818,75,0,3
Chris Martin,70,2310,704.5,3.278921220723918,2818,133,70
Chris Morris,177,4841,742.8,6.517232094776522,4649,28,177
Chris Mpofu,15,427,67.9,6.288659793814433,415,5,15
Chris Sabburg,0,5,1.0,5.0,4,0,0
Chris Simpson,1,25,3.0,8.333333333333334,25,0,1
Chris Sole,0,72,8.0,9.0,0,0,0
Chris Swan,1,16,4.0,4.0,29,0,1
Chris Tremain,48,1632,208.7,7.81983708672736,1208,1,48
Chris Tremlett,43,1408,407.6,3.454367026496565,1735,82,43
Chris Woakes,265,7910,1756.2,4.504042819724405,8469,230,265
Clint Hinchliffe,11,278,33.0,8.424242424242424,275,0,11
Clint McKay,115,3016,499.2,6.041666666666667,3099,28,115
Clive Rose,28,1304,157.5,8.27936507936508,700,0,28
Colin Ingram,1,103,12.0,8.583333333333334,25,0,1
Colin Munro,11,558,91.4,6.105032822757111,283,1,11
Colin de Grandhomme,75,3015,817.6,3.6876223091976517,2879,125,75
Corey Anderson,74,2330,411.4,5.663587749149247,2086,29,74
Corey Collymore,19,468,171.1,2.7352425482174167,847,46,19
Craig Overton,7,351,91.0,3.857142857142857,267,11,7
Craig Simmons,3,88,14.0,6.285714285714286,75,0,3
Craig Wright,6,173,35.0,4.942857142857143,186,4,6
Craig Young,12,419,60.0,6.983333333333333,308,1,12
Curtis Campher,7,175,31.3,5.5910543130990416,195,2,7
D'Arcy Short,31,1116,134.2,8.315946348733235,783,1,31
Dale Steyn,397,9510,2092.9,4.543934253906063,12065,267,397
Dan Lawrence,0,26,3.0,8.666666666666666,0,0,0
Dane Paterson,13,541,106.0,5.10377358490566,417,11,13
Dane Piedt,26,1175,304.0,3.8651315789473686,1022,46,26
Daniel Christian,130,3595,458.2,7.845918812745526,3266,2,130
Daniel Fallins,0,44,5.0,8.8,0,0,0
Daniel Flynn,0,25,5.0,5.0,12,1,0
Daniel Harris,0,61,6.0,10.166666666666666,0,0,0
Daniel Salpietro,1,65,8.0,8.125,25,0,1
Daniel Sams,61,1313,154.8,8.481912144702841,1541,2,61
Daniel Vettori,188,6229,1722.8,3.615625725563037,6656,244,188
Daniel Worrall,35,1212,150.2,8.069241011984023,883,1,35
Danish Kaneria,22,1107,288.4,3.8384188626907076,778,28,22
Danny Briggs,15,471,57.5,8.191304347826087,375,0,15
Danushka Gunathilaka,5,292,63.0,4.634920634920635,153,3,5
Daren Powell,21,686,139.0,4.9352517985611515,601,9,21
Daren Sammy,134,5121,1065.9,4.804390655783844,4082,91,134
Darren Bravo,0,2,1.0,2.0,4,0,0
Darren Maddy,1,20,2.0,10.0,25,0,1
Darren Pattinson,9,215,28.0,7.678571428571429,225,0,9
Darron Reekers,1,18,6.0,3.0,37,1,1
Daryl Mitchell,6,179,40.7,4.398034398034397,210,7,6
Daryl Tuffey,19,656,152.3,4.307288246881155,663,23,19
Daryn Dupavillon,1,21,6.0,3.5,29,0,1
Dasun Shanaka,20,527,109.1,4.830430797433547,600,12,20
Dave Langford-Smith,19,693,140.0,4.95,559,10,19
Dave Mohammed,7,225,45.5,4.945054945054945,219,5,7
David Bernard,11,404,85.0,4.752941176470588,311,4,11
David Hemp,0,32,2.0,16.0,0,0,0
David Hussey,35,1148,164.0,7.0,875,0,35
David Moody,5,139,15.0,9.266666666666667,125,0,5
David Warner,0,107,18.1,5.911602209944751,4,0,0
David Wiese,39,922,122.4,7.532679738562091,975,0,39
David Willey,121,3424,531.8,6.438510718315157,3193,21,121
Dawid Malan,1,97,28.0,3.4642857142857144,61,4,1
Dawlat Ahmadzai,1,21,2.0,10.5,25,0,1
Dawlat Zadran,7,364,50.0,7.28,183,1,7
Dean Brownlie,0,17,4.0,4.25,4,0,0
Dean Elgar,15,588,155.5,3.7813504823151125,483,13,15
Deepak Chahar,57,1706,224.7,7.592345349354695,1489,8,57
Deepak Hooda,7,322,38.1,8.451443569553806,175,0,7
Deighton Butler,1,30,8.0,3.75,37,1,1
Delyone Borden,4,88,13.0,6.769230769230769,100,0,4
Devendra Bishoo,55,2810,705.4,3.9835554295435216,1787,51,55
Devon Smith,0,5,0.5,10.0,0,0,0
Dewald Nel,1,126,18.4,6.847826086956522,25,0,1
Dhammika Prasad,37,1392,333.5,4.173913043478261,1225,37,37
Dhananjaya de Silva,35,1371,304.1,4.508385399539625,959,10,35
Dhawal Kulkarni,106,2890,381.7,7.571391144878177,2746,12,106
Dilbar Hussain,4,92,9.5,9.68421052631579,100,0,4
Dilhara Fernando,48,1930,362.0,5.331491712707182,1412,26,48
Dilhara Lokuhettige,3,173,35.0,4.942857142857143,103,3,3
Dillon du Preez,4,56,7.0,8.0,108,1,4
Dilruwan Perera,82,2712,788.3,3.4403146010402135,2862,101,82
Dilshan Munaweera,0,22,1.0,22.0,0,0,0
Dimitri Mascarenhas,44,1106,189.2,5.845665961945032,1144,5,44
Dimuth Karunaratne,2,113,30.3,3.7293729372937294,78,3,2
Dinesh Mongia,6,291,54.1,5.378927911275416,154,0,6
Dinesh Salunkhe,1,78,8.0,9.75,25,0,1
Dirk Nannes,65,1649,224.6,7.341941228851291,1649,3,65
Doddapaneni Kalyankrishna,2,87,8.0,10.875,50,0,2
Dolar Mahmud,1,42,4.0,10.5,25,0,1
Dom Bess,8,206,113.0,1.823008849557522,524,40,8
Dominic Thornely,6,142,20.0,7.1,150,0,6
Domnic Muthuswami,4,101,14.0,7.214285714285714,100,0,4
Donald Tiripano,12,405,110.5,3.665158371040724,456,19,12
Doug Bollinger,129,3329,544.2,6.11723631018008,3521,37,129
Doug Bracewell,80,2720,685.8,3.966170895304754,2884,110,80
Dougie Brown,1,66,13.0,5.076923076923077,29,0,1
Duanne Olivier,48,924,239.6,3.8564273789649417,1548,43,48
Dushmantha Chameera,38,1475,274.5,5.373406193078324,1082,16,38
Dwaine Pretorius,40,1206,261.2,4.617151607963247,1252,31,40
Dwaraka Ravi Teja,1,28,3.0,9.333333333333334,25,0,1
Dwayne Bravo,363,9884,1422.6,6.947841979474203,9419,43,363
Dwayne Leverock,3,130,20.0,6.5,75,0,3
Dwayne Smith,44,1485,222.1,6.686177397568663,1132,4,44
Ebadot Hossain,5,397,95.0,4.178947368421053,241,14,5
Ed Rainsford,1,69,10.0,6.9,25,0,1
Eddie Leie,3,16,3.0,5.333333333333333,79,0,3
Edgar Schiferli,4,107,22.0,4.863636363636363,104,0,4
Ehsan Adil,4,205,50.0,4.1,184,10,4
Ehsan Khan,2,65,10.0,6.5,50,0,2
Ehsan Nawaz,1,50,8.0,6.25,25,0,1
Elias Sunny,2,115,21.0,5.476190476190476,70,2,2
Elijah Otieno,0,18,2.0,9.0,0,0,0
Elton Chigumbura,21,835,125.0,6.68,549,3,21
Enamul Haque jnr,0,65,16.0,4.0625,4,0,0
Evan Gulbis,18,625,75.2,8.311170212765957,450,0,18
Ewen Thompson,1,60,7.0,8.571428571428571,33,1,1
Fabian Allen,10,476,70.0,6.8,258,1,10
Faf du Plessis,2,142,21.2,6.69811320754717,50,0,2
Fahad Alhashmi,0,45,7.2,6.25,0,0,0
Faheem Ashraf,32,1133,214.2,5.289449112978525,972,21,32
Faisal Hossain,0,26,6.1,4.262295081967213,4,0,0
Faiz Fazal,0,20,2.0,10.0,0,0,0
Fakhar Zaman,1,92,16.6,5.542168674698795,29,0,1
Fareed Ahmad,0,17,1.0,17.0,0,0,0
Farhaan Behardien,11,595,101.4,5.867850098619329,287,1,11
Farhad Reza,8,211,39.1,5.396419437340153,228,3,8
Farveez Maharoof,63,2035,366.6,5.55100927441353,1779,25,63
Fawad Ahmed,73,2026,291.5,6.950257289879931,1849,3,73
Fawad Alam,2,167,26.0,6.423076923076923,50,0,2
Fidel Edwards,63,2103,408.0,5.154411764705882,1827,31,63
Gagandeep Singh,3,141,14.0,10.071428571428571,75,0,3
Gareth Batty,5,311,77.4,4.018087855297157,161,4,5
Gareth Delany,1,99,13.0,7.615384615384615,25,0,1
Garey Mathurin,1,56,6.0,9.333333333333334,25,0,1
Gary Ballance,0,5,2.0,2.5,12,1,0
Gary Brent,2,40,10.0,4.0,62,1,2
Gary Kidd,1,125,23.0,5.434782608695652,29,0,1
Gary Putland,3,186,22.0,8.454545454545455,91,2,3
Gautam Gambhir,0,17,3.0,5.666666666666667,4,0,0
Gavin Ewing,1,48,13.0,3.6923076923076925,29,0,1
Gavin Tonge,6,200,44.0,4.545454545454546,202,6,6
Geert-Maarten Mol,0,18,4.0,4.5,4,0,0
George Codrington,1,63,9.0,7.0,49,3,1
George Dockrell,9,620,100.0,6.2,225,0,9
George Linde,6,206,43.0,4.790697674418604,170,2,6
Glenn Maxwell,129,5009,776.5,6.450740502253702,3297,9,129
Glenn McGrath,17,443,82.0,5.402439024390244,477,6,17
Glenn Rogers,0,53,10.0,5.3,4,0,0
Gnaneswara Rao,0,7,1.0,7.0,0,0,0
Gordon Drummond,1,99,19.0,5.2105263157894735,53,3,1
Gordon Goudie,0,102,12.4,8.225806451612902,0,0,0
Graeme Cremer,16,1034,226.0,4.575221238938053,468,8,16
Graeme Smith,3,124,15.0,8.266666666666667,75,0,3
Graeme Swann,239,5755,1514.9,3.798930622483332,7571,199,239
Graham Napier,1,27,4.0,6.75,25,0,1
Graham Onions,4,185,34.0,5.4411764705882355,112,1,4
Grant Elliott,29,967,179.3,5.393195761293921,833,13,29
Greg Lamb,9,264,62.1,4.251207729468599,237,1,9
Greg Thompson,1,73,12.0,6.083333333333333,25,0,1
Greg West,2,85,7.0,12.142857142857142,50,0,2
Gulbadin Naib,12,350,53.2,6.578947368421052,300,0,12
Gurinder Sandhu,47,1491,187.3,7.960491190603309,1191,2,47
Gurkeerat Singh Mann,5,165,23.0,7.173913043478261,125,0,5
Guy Walker,0,47,3.0,15.666666666666666,0,0,0
Hamid Hassan,4,176,37.4,4.705882352941177,136,4,4
Hamilton Masakadza,6,251,62.3,4.028892455858748,210,7,6
Hamish Bennett,32,891,141.7,6.287932251235004,840,5,32
Hamish Kingston,4,134,12.0,11.166666666666666,100,0,4
Hamish Rutherford,0,2,1.0,2.0,4,0,0
Hanuma Vihari,6,227,64.3,3.5303265940902024,234,10,6
Harbhajan Singh,513,17107,4289.1,3.9884824322118857,16277,431,513
Hardik Pandya,152,4997,802.7,6.225239815622275,3984,23,152
Hardus Viljoen,8,316,42.0,7.523809523809524,216,2,8
Haris Rauf,28,511,62.5,8.176,700,0,28
Haris Sohail,2,261,54.0,4.833333333333333,62,1,2
Harmeet Singh,27,731,90.9,8.04180418041804,675,0,27
Harpreet Brar,0,89,9.0,9.88888888888889,0,0,0
Harry Conway,7,215,27.2,7.904411764705882,175,0,7
Harry Gurney,34,1110,158.5,7.003154574132492,882,4,34
Harshal Patel,44,1330,149.8,8.878504672897195,1100,0,44
Harvir Baidwan,3,84,9.1,9.230769230769232,75,0,3
Hasan Ali,64,2283,391.1,5.837381743799539,1860,32,64
Hashim Amla,0,6,2.0,3.0,4,0,0
Hasibul Hossain,0,53,6.0,8.833333333333334,0,0,0
Hayden Kerr,0,19,3.0,6.333333333333333,0,0,0
Hayden Walsh,17,522,84.4,6.184834123222749,425,0,17
Heath Streak,1,32,10.0,3.2,37,1,1
Heinrich Klaasen,0,33,4.0,8.25,0,0,0
Henk-Jan Mol,1,16,6.0,2.6666666666666665,29,0,1
Henry Davids,1,13,2.0,6.5,25,0,1
Henry Osinde,3,162,26.0,6.230769230769231,83,1,3
Henry Thornton,1,40,4.0,10.0,25,0,1
Hilton Cartwright,4,163,12.2,13.360655737704919,100,0,4
Hiral Patel,1,28,4.0,7.0,25,0,1
Hiren Varaiya,0,44,10.0,4.4,12,1,0
Hussain Talat,1,3,0.4,7.5,25,0,1
Iain O'Brien,39,1177,283.3,4.15460642428521,1323,43,39
Iain Wardlaw,8,280,38.5,7.2727272727272725,208,1,8
Ian Bell,0,2,1.0,2.0,4,0,0
Ian Blackwell,5,250,68.0,3.676470588235294,161,4,5
Ian Bradshaw,17,740,190.0,3.8947368421052633,605,22,17
Ian Butler,17,589,81.4,7.235872235872235,441,2,17
Ian Moran,5,96,10.0,9.6,125,0,5
Iftikhar Ahmed,3,100,18.2,5.4945054945054945,87,1,3
Iftikhar Anjum,15,660,128.4,5.14018691588785,419,5,15
Imad Wasim,54,1791,323.4,5.538033395176253,1394,5,54
Imran Farhat,0,44,14.3,3.0769230769230766,12,1,0
Imran Haider,1,16,2.0,8.0,25,0,1
Imran Khan,14,384,120.2,3.194675540765391,570,27,14
Imran Tahir,292,7114,1391.1,5.113938609733305,7848,68,292
Imrul Kayes,0,3,1.0,3.0,4,0,0
Iqbal Abdulla,40,1075,149.8,7.176234979973297,1008,1,40
Irfan Ahmed,0,53,6.0,8.833333333333334,0,0,0
Irfan Pathan,265,8544,1529.4,5.586504511573166,7565,117,265
Ish Sodhi,120,3914,741.0,5.282051282051282,3556,69,120
Ishan Malhotra,0,23,1.0,23.0,0,0,0
Ishant Sharma,467,15562,3828.0,4.065308254963427,16415,592,467
Ishara Amerasinghe,4,119,27.0,4.407407407407407,120,2,4
Ishwar Pandey,16,563,73.0,7.712328767123288,432,4,16
Isuru Udana,25,1094,144.0,7.597222222222222,633,1,25
Izatullah Dawlatzai,2,56,3.0,18.666666666666668,50,0,2
JJ Smuts,3,194,33.0,5.878787878787879,87,1,3
Jack Leach,26,746,267.4,2.7898279730740465,1006,44,26
Jack Prestwidge,13,264,32.4,8.148148148148149,325,0,13
Jack Wildermuth,34,1167,142.7,8.177995795374914,850,0,34
Jack Wood,2,28,3.0,9.333333333333334,50,0,2
Jackson Bird,62,2000,332.8,6.009615384615384,1782,29,62
Jackson Coleman,11,182,25.2,7.222222222222222,275,0,11
Jacob Duffy,4,33,4.0,8.25,100,0,4
Jacob Oram,77,2032,397.1,5.11709896751448,2161,29,77
Jacques Kallis,109,4003,669.4,5.979982073498656,3041,39,109
Jade Dernbach,69,2369,322.2,7.352576039726878,1781,7,69
Jagadeesha Suchith,12,396,45.0,8.8,300,0,12
Jai Prakash Yadav,6,290,60.0,4.833333333333333,186,4,6
Jake Ball,29,1524,278.5,5.472172351885098,953,28,29
Jake Lehmann,1,42,4.0,10.5,25,0,1
Jake Reed,16,277,31.0,8.935483870967742,400,0,16
Jamaluddin Syed Mohammad,8,283,32.0,8.84375,200,0,8
James Anderson,528,13085,4116.4,3.1787484209503454,20916,964,528
James Bazley,0,36,4.0,9.0,0,0,0
James Faulkner,252,6609,956.4,6.910288582183187,6444,18,252
James Franklin,43,1631,299.2,5.45120320855615,1231,19,43
James Hopes,71,2473,415.3,5.954731519383578,1883,13,71
James Muirhead,14,299,39.0,7.666666666666667,350,0,14
James Neesham,61,2497,433.2,5.764081255771007,1673,18,61
James Pattinson,92,2526,513.1,4.9230169557591115,2936,79,92
James Tredwell,66,2031,392.9,5.1692542631712906,1790,17,66
James Vince,1,51,11.0,4.636363636363637,37,1,1
Jamie Dalrymple,2,5,4.0,1.25,54,0,2
Jan Stander,0,18,3.0,6.0,0,0,0
Janeiro Tucker,1,110,19.0,5.7894736842105265,37,1,1
Jarrod Freeman,1,37,4.0,9.25,25,0,1
Jaskaran Singh,6,171,17.0,10.058823529411764,150,0,6
Jason Behrendorff,88,2091,321.5,6.503888024883359,2264,8,88
Jason Floros,3,280,32.1,8.722741433021806,75,0,3
Jason Holder,141,5408,1131.7,4.778651586109393,4841,164,141
Jason Krejza,23,774,130.5,5.931034482758621,611,4,23
Jason Mohammed,0,66,13.0,5.076923076923077,4,0,0
Jason Sangha,0,11,1.0,11.0,0,0,0
Jasprit Bumrah,352,8108,1701.3,4.765767354376066,10364,195,352
Javed Ahmadi,2,62,13.3,4.661654135338345,54,0,2
Javon Searles,2,89,7.0,12.714285714285714,50,0,2
Jayant Yadav,18,664,152.3,4.359816152330925,606,19,18
Jayde Herrick,0,60,7.3,8.219178082191782,0,0,0
Jaydev Unadkat,96,2835,364.2,7.784184514003295,2496,12,96
Jean-Paul Duminy,103,4236,778.7,5.439835623475022,2819,30,103
Jeet Raval,1,34,14.0,2.4285714285714284,37,1,1
Jeetan Patel,55,2197,610.5,3.5986895986895986,2251,109,55
Jeevan Mendis,21,914,155.5,5.877813504823151,545,2,21
Jeffrey Vandersay,6,243,39.0,6.230769230769231,158,1,6
Jehan Mubarak,1,11,2.0,5.5,29,0,1
Jermaine Blackwood,0,45,7.3,6.164383561643835,0,0,0
Jermaine Lawson,2,58,9.0,6.444444444444445,50,0,2
Jerome Taylor,107,3524,687.1,5.128802212196186,3367,86,107
Jesse Ryder,23,836,152.3,5.489166119500984,699,15,23
Jhye Richardson,91,2209,313.9,7.037273016884359,2379,13,91
Jimmy Hansra,0,21,2.0,10.5,0,0,0
Jimmy Kamande,0,73,10.0,7.3,0,0,0
Joe Burns,3,59,8.0,7.375,75,0,3
Joe Denly,12,497,101.0,4.920792079207921,368,8,12
Joe Mennie,16,627,90.0,6.966666666666667,472,9,16
Joe Root,56,2799,638.2,4.385772485114384,2044,80,56
Joel Paris,12,604,73.1,8.26265389876881,300,0,12
Jofra Archer,126,3109,540.3,5.754210623727559,3522,46,126
Joginder Sharma,17,672,81.7,8.225214198286414,449,3,17
Johan Botha,103,3590,560.6,6.403853014627185,2615,5,103
Johan van der Wath,3,190,20.0,9.5,75,0,3
John Blain,3,178,33.5,5.313432835820896,103,3,3
John Campbell,0,44,12.1,3.6363636363636367,4,0,0
John Davison,2,108,24.0,4.5,62,1,2
John Hastings,89,2149,318.3,6.751492302858938,2289,8,89
John Mooney,8,404,61.0,6.622950819672131,240,5,8
John Nyumbu,15,672,156.5,4.293929712460064,483,13,15
Johnson Charles,0,12,0.5,24.0,0,0,0
Jomel Warrican,2,101,35.0,2.8857142857142857,110,7,2
Jon Holland,13,675,122.0,5.532786885245901,409,10,13
Jon Lewis,1,63,10.0,6.3,33,1,1
Jonathan Carter,3,78,12.4,6.290322580645161,75,0,3
Jonathan Cook,24,577,78.0,7.397435897435898,608,1,24
Jonathan Merlo,0,21,2.0,10.5,0,0,0
Jonathan Trott,6,355,87.3,4.0664375715922105,218,8,6
Jonathan Wells,0,9,1.1,8.181818181818182,0,0,0
Josh Davey,11,199,28.0,7.107142857142857,283,1,11
Josh Hazlewood,245,6616,1793.2,3.689493642650011,8825,337,245
Josh Lalor,58,1504,182.4,8.24561403508772,1474,3,58
Josh Little,12,221,32.5,6.8,324,3,12
Jubair Hossain,5,202,40.1,5.037406483790524,153,3,5
Junaid Khan,34,1207,210.1,5.744883388862447,918,8,34
Junaid Siddique,0,9,1.0,9.0,0,0,0
Junior Dala,12,312,39.0,8.0,308,1,12
Justin Kemp,8,166,27.3,6.08058608058608,200,0,8
Justin Ontong,1,54,4.4,12.272727272727272,25,0,1
KC Cariappa,8,348,36.0,9.666666666666666,200,0,8
KM Asif,3,75,6.0,12.5,75,0,3
KP Appanna,9,286,36.0,7.944444444444445,225,0,9
Kabir Ali,4,95,15.4,6.1688311688311686,108,1,4
Kagiso Rabada,388,9277,2127.8,4.359902246451734,12160,307,388
Kamindu Mendis,1,115,18.0,6.388888888888889,25,0,1
Kamlesh Nagarkoti,5,231,26.0,8.884615384615385,125,0,5
Kamran Khan,9,224,26.4,8.484848484848484,225,0,9
Kamran Shazad,1,59,8.0,7.375,25,0,1
Kamrul Islam,7,398,93.0,4.279569892473118,251,9,7
Kane Richardson,174,4379,612.0,7.155228758169935,4462,14,174
Kane Williamson,59,2021,453.1,4.460384021187376,1751,34,59
Karan Goel,0,93,11.0,8.454545454545455,0,0,0
Karanveer Singh,12,321,34.0,9.441176470588236,300,0,12
Karim Janat,6,44,8.0,5.5,154,0,6
Karim Sadiq,1,64,8.0,8.0,25,0,1
Karn Sharma,64,2001,273.8,7.3082542001460915,1640,5,64
Kartik Tyagi,9,367,38.1,9.63254593175853,225,0,9
Karun Nair,0,11,2.0,5.5,4,0,0
Kashif Daud,1,56,10.0,5.6,29,0,1
Kasun Rajitha,22,903,149.9,6.024016010673782,622,9,22
Kaushalya Weeraratne,0,91,9.0,10.11111111111111,0,0,0
Keaton Jennings,0,55,12.1,4.545454545454546,12,1,0
Kedar Jadhav,27,1020,197.5,5.1645569620253164,687,1,27
Keegan Meth,1,78,10.0,7.8,25,0,1
Keemo Paul,43,1445,200.9,7.192633150821304,1163,11,43
Keith Dabengwa,0,23,4.0,5.75,4,0,0
Kelvin Smith,0,7,1.0,7.0,0,0,0
Kemar Roach,170,4720,1111.9,4.244986059897473,5638,173,170
Kenny Carroll,0,8,1.0,8.0,0,0,0
Kenroy Peters,2,69,20.0,3.45,110,7,2
Keshav Maharaj,117,3963,1171.3,3.383420131477845,4561,204,117
Kesrick Williams,36,904,115.8,7.806563039723661,908,1,36
Kevin Hurdle,1,82,13.0,6.3076923076923075,25,0,1
Kevin O'Brien,26,1074,164.5,6.52887537993921,674,3,26
Kevin Pietersen,15,742,129.0,5.751937984496124,403,3,15
Kevon Cooper,33,757,96.0,7.885416666666667,833,1,33
Khaled Ahmed,0,149,30.0,4.966666666666667,52,6,0
Khaled Mahmud,6,145,29.5,4.915254237288136,154,0,6
Khaleel Ahmed,53,1364,179.5,7.598885793871866,1349,3,53
Khary Pierre,8,427,54.0,7.907407407407407,200,0,8
Khurram Chohan,0,130,23.0,5.6521739130434785,20,2,0
Khurram Khan,0,31,4.0,7.75,0,0,0
Kieron Pollard,158,5179,695.7,7.444300704326577,3982,4,158
Kinchit Shah,3,39,9.0,4.333333333333333,79,0,3
Kirk Edwards,0,19,4.0,4.75,4,0,0
Kithuruwan Vithanage,0,29,9.0,3.2222222222222223,12,1,0
Kraigg Brathwaite,6,493,136.6,3.609077598828697,210,7,6
Krishmar Santokie,13,279,35.0,7.9714285714285715,325,0,13
Krishna Chandran,0,17,3.0,5.666666666666667,4,0,0
Krishnakant  Upadhyay,0,81,9.0,9.0,0,0,0
Krishnappa Gowtham,13,562,68.0,8.264705882352942,325,0,13
Krunal Pandya,60,1997,267.1,7.4766005241482585,1508,1,60
Kuldeep Yadav,204,5037,901.6,5.586734693877551,5360,32,204
Kulwant Khejroliya,3,153,15.5,9.870967741935484,75,0,3
Kusal Mendis,0,28,3.2,8.75,0,0,0
Kyle Abbott,84,2145,527.3,4.067893040015172,2768,83,84
Kyle Coetzer,0,42,5.0,8.4,0,0,0
Kyle Jamieson,35,602,205.6,2.928015564202335,1383,63,35
Kyle Jarvis,16,668,126.5,5.280632411067193,532,16,16
Kyle Mayers,0,10,1.0,10.0,0,0,0
Kyle McCallan,24,776,175.7,4.416619237336369,668,8,24
Kyle Mills,123,3625,704.1,5.148416418122426,3567,61,123
Lahiru Gamage,8,558,139.8,3.9914163090128754,404,25,8
Lahiru Kumara,38,1577,306.2,5.15022860875245,1122,21,38
Lahiru Madushanka,4,154,22.0,7.0,100,0,4
Lahiru Thirimanne,2,83,22.1,3.755656108597285,62,1,2
Lakshan Sandakan,40,1647,282.9,5.82184517497349,1068,8,40
Lakshmipathy Balaji,87,2339,298.1,7.846360281784635,2191,2,87
Lance Morris,1,156,13.0,12.0,25,0,1
Lasith Embuldeniya,12,479,137.3,3.4887108521485795,408,13,12
Lasith Malinga,374,9550,1527.5,6.252045826513911,9758,51,374
Laxmi Shukla,15,447,51.8,8.62934362934363,375,0,15
Lee Carseldine,1,6,1.0,6.0,25,0,1
Lendl Simmons,8,219,33.0,6.636363636363637,200,0,8
Lewis Gregory,7,254,27.0,9.407407407407407,175,0,7
Liam Bowe,11,338,39.0,8.666666666666666,275,0,11
Liam Dawson,15,546,121.4,4.497528830313015,475,12,15
Liam Hatcher,10,201,23.0,8.73913043478261,250,0,10
Liam Livingstone,5,90,10.1,8.910891089108912,125,0,5
Liam O'Connor,13,486,61.0,7.967213114754099,325,0,13
Liam Plunkett,157,4483,805.9,5.562724903834223,4289,45,157
Liam Scott,0,28,2.0,14.0,0,0,0
Lionel Baker,8,261,50.0,5.22,252,6,8
Lionel Cann,0,76,9.4,8.085106382978724,0,0,0
Lloyd Pope,14,407,53.0,7.679245283018868,350,0,14
Lockie Ferguson,71,2050,330.7,6.198971877834896,1807,4,71
Logan van Beek,4,23,4.0,5.75,104,0,4
Lonwabo Tsotsobe,66,2016,407.4,4.948453608247423,1998,43,66
Love Ablish,3,75,7.0,10.714285714285714,75,0,3
Luke Butterworth,4,93,11.4,8.157894736842104,100,0,4
Luke Doran,8,256,36.0,7.111111111111111,200,0,8
Luke Feldman,15,372,48.2,7.7178423236514515,375,0,15
Luke Jongwe,0,95,13.0,7.3076923076923075,0,0,0
Luke Woodcock,1,117,22.2,5.27027027027027,29,0,1
Luke Wright,39,1567,242.7,6.456530696332922,991,2,39
Lungi Ngidi,106,2227,399.4,5.57586379569354,3038,48,106
Lutho Sipamla,3,186,30.599999999999998,6.07843137254902,83,1,3
Luuk van Troost,0,15,2.0,7.5,0,0,0
MS Dhoni,1,98,22.0,4.454545454545454,37,1,1
Mahbubul Alam,2,42,6.0,7.0,50,0,2
Mahela Jayawardene,1,42,10.7,3.9252336448598135,45,2,1
Mahipal Lomror,0,27,3.0,9.0,0,0,0
Mahmudullah,35,1869,367.6,5.084330794341676,975,12,35
Majid Haq,12,329,63.0,5.222222222222222,312,1,12
Makhaya Ntini,44,1167,276.6,4.219088937093275,1432,41,44
Malachi Jones,2,112,14.0,8.0,58,1,2
Malcolm Waller,2,116,26.0,4.461538461538462,54,0,2
Malinda Pushpakumara,15,625,162.2,3.8532675709001234,491,14,15
Malinga Bandara,15,447,119.6,3.737458193979933,491,14,15
Mandeep Singh,0,26,2.0,13.0,0,0,0
Manjula Guruge,0,19,6.0,3.1666666666666665,12,1,0
Manoj Tiwary,6,227,28.0,8.107142857142858,158,1,6
Manpreet Gony,39,1334,159.0,8.38993710691824,1007,4,39
Marchant de Lange,17,506,62.7,8.070175438596491,433,1,17
Marcus North,3,149,38.0,3.9210526315789473,143,8,3
Marcus Stoinis,104,3386,456.1,7.423810567857926,2616,2,104
Mark Adair,8,350,63.9,5.477308294209703,268,8,8
Mark Cosgrove,1,10,1.0,10.0,25,0,1
Mark Craig,46,2152,564.5,3.812223206377325,1882,91,46
Mark Gillespie,12,306,67.2,4.553571428571428,392,11,12
Mark Higgs,0,20,2.0,10.0,0,0,0
Mark Steketee,57,1336,151.8,8.801054018445322,1425,0,57
Mark Watt,3,55,10.0,5.5,79,0,3
Mark Wood,127,4290,918.8,4.669133652590335,4115,117,127
Marlon Samuels,80,3344,708.1,4.7224968224827,2220,27,80
Marnus Labuschagne,10,427,92.0,4.641304347826087,302,6,10
Martin Guptill,11,340,75.9,4.47957839262187,343,8,11
Mashrafe Mortaza,78,3083,592.4,5.204253882511817,2266,39,78
Mason Crane,1,217,52.0,4.173076923076923,53,3,1
Mathew Sinclair,0,1,3.0,0.3333333333333333,20,2,0
Matt Dixon,6,132,16.0,8.25,150,0,6
Matt Henry,66,2712,660.2,4.10784610724023,2382,91,66
Matt Johnston,3,150,18.0,8.333333333333334,75,0,3
Matt Machan,0,69,9.0,7.666666666666667,0,0,0
Matt Parkinson,5,124,16.4,7.560975609756098,125,0,5
Matt Renshaw,6,245,33.0,7.424242424242424,150,0,6
Matthew Day,0,25,2.0,12.5,0,0,0
Matthew Gale,1,103,12.0,8.583333333333334,25,0,1
Matthew Hoggard,13,350,123.5,2.834008097165992,649,40,13
Matthew Kelly,27,608,73.8,8.238482384823849,675,0,27
Matthew Kuhnemann,4,154,19.0,8.105263157894736,100,0,4
Matthew Parker,0,26,3.0,8.666666666666666,0,0,0
Matthew Short,3,188,23.5,8.0,75,0,3
Matthew Wade,0,28,4.0,7.0,0,0,0
Max Sorensen,0,120,13.0,9.23076923076923,0,0,0
Mayank Agarwal,0,10,1.0,10.0,0,0,0
Mayank Markande,16,458,54.0,8.481481481481481,400,0,16
Mehidy Hasan,36,1761,443.2,3.973375451263538,1120,27,36
Mehrab Hossain jnr,0,20,2.5,8.0,0,0,0
Michael Bates,1,76,7.0,10.857142857142858,25,0,1
Michael Beer,41,1345,199.9,6.728364182091045,1025,0,41
Michael Carberry,0,12,1.0,12.0,0,0,0
Michael Chinouya,4,238,68.0,3.5,216,14,4
Michael Clarke,31,1275,329.4,3.870673952641166,1043,33,31
Michael Hogan,5,226,28.0,8.071428571428571,125,0,5
Michael Hussey,2,168,47.0,3.574468085106383,78,3,2
Michael Leask,0,57,4.2,13.571428571428571,0,0,0
Michael Mason,6,207,33.0,6.2727272727272725,150,0,6
Michael Neser,67,1928,227.6,8.471001757469244,1699,3,67
Michael Swart,1,34,3.0,11.333333333333334,25,0,1
Michael Vaughan,1,52,13.0,4.0,29,0,1
Michael Yardy,23,1010,194.0,5.206185567010309,603,3,23
Mickey Edwards,1,65,7.0,9.285714285714286,25,0,1
Miguel Cummins,22,831,188.8,4.401483050847458,738,23,22
Milinda Siriwardana,10,492,87.5,5.622857142857143,254,0,10
Mir Hamza,1,67,15.0,4.466666666666667,45,2,1
Mirwais Ashraf,1,26,5.0,5.2,29,0,1
Mitchell Johnson,332,9160,1965.5,4.660391757822437,10264,245,332
Mitchell Marsh,113,4045,763.2,5.3000524109014675,3365,67,113
Mitchell McClenaghan,141,4075,546.7,7.45381379184196,3589,8,141
Mitchell Perry,1,33,2.0,16.5,25,0,1
Mitchell Santner,134,4955,1197.1,4.139169660011695,4434,135,134
Mitchell Starc,379,9637,2190.8,4.398849735256527,11703,278,379
Mitchell Swepson,46,1210,158.2,7.648546144121366,1150,0,46
Mithun Manhas,0,42,7.0,6.0,0,0,0
Moeen Ali,293,11867,2761.5,4.297302190838312,9529,275,293
Mohammad Abbas,27,744,252.4,2.94770206022187,1207,66,27
Mohammad Amir,100,3043,790.7,3.848488680915644,3536,129,100
Mohammad Ashraful,3,163,31.0,5.258064516129032,79,0,3
Mohammad Asif,46,1603,369.0,4.3441734417344176,1626,59,46
Mohammad Hafeez,54,2238,507.4,4.410721324398897,1578,28,54
Mohammad Hasnain,5,393,53.0,7.415094339622642,125,0,5
Mohammad Irfan,38,1303,248.4,5.245571658615137,1042,11,38
Mohammad Kashif,0,30,7.0,4.285714285714286,4,0,0
Mohammad Nabi,49,1712,266.8,6.4167916041979005,1249,3,49
Mohammad Naveed,4,139,22.0,6.318181818181818,100,0,4
Mohammad Nawaz,15,510,94.3,5.408271474019088,395,2,15
Mohammad Rafique,22,776,167.0,4.6467065868263475,634,10,22
Mohammad Saifuddin,5,308,41.0,7.512195121951219,133,1,5
Mohammad Sami,15,754,149.5,5.043478260869565,443,8,15
Mohammad Shahid,0,134,45.0,2.977777777777778,100,12,0
Mohammad Shahzad,0,14,1.1,12.727272727272727,0,0,0
Mohammad Sharif,0,109,25.4,4.291338582677166,20,2,0
Mohammad Talha,2,158,29.0,5.448275862068965,78,3,2
Mohammad Tauqir,1,68,12.5,5.44,29,0,1
Mohammed Shami,400,11194,2437.1,4.59316400640105,12516,314,400
Mohammed Siraj,53,1562,248.6,6.283185840707965,1613,36,53
Mohit Sharma,117,3501,464.3,7.5403833728192975,2997,9,117
Mohnish Parmar,0,33,3.0,11.0,0,0,0
Moises Henriques,67,2510,352.6,7.1185479296653424,1771,12,67
Mominul Haque,7,203,37.0,5.486486486486487,187,1,7
Moneeb Iqbal,0,45,6.0,7.5,0,0,0
Monty Panesar,71,2637,929.3,2.8376197137630474,3627,231,71
Monu Kumar,0,20,2.0,10.0,0,0,0
Morne Morkel,383,9783,2267.4,4.3146335009261705,12347,346,383
Mosaddek Hossain,6,322,51.2,6.2890625,150,0,6
Mosharraf Hossain,0,23,3.0,7.666666666666667,0,0,0
Mthokozisi Shezi,1,8,6.0,1.3333333333333333,45,2,1
Mudassar Bukhari,9,181,32.4,5.58641975308642,261,4,9
Muhammad Musa,0,39,3.5,11.142857142857142,0,0,0
Mujeeb Ur Rahman,53,1501,238.5,6.29350104821803,1365,5,53
Munaf Patel,198,5563,1152.9,4.8252233498135135,5994,130,198
Munir Dar,0,55,10.0,5.5,4,0,0
Murali Kartik,51,2218,358.9,6.179994427417109,1387,14,51
Murali Vijay,1,247,70.0,3.5285714285714285,77,6,1
Murugan Ashwin,25,784,100.6,7.79324055666004,625,0,25
Musavir Khote,2,51,5.0,10.2,50,0,2
Mushfiqur Rahman,1,81,12.0,6.75,25,0,1
Mustafizur Rahman,80,2240,381.2,5.876180482686254,2196,24,80
Muthumudalige Pushpakumara,1,27,3.0,9.0,25,0,1
Muttiah Muralitharan,166,4734,993.7,4.7640132836872295,4634,60,166
Nadeem Ahmed,0,91,18.0,5.055555555555555,4,0,0
Naeem Islam,21,707,142.0,4.97887323943662,561,4,21
Najeeb Amar,2,40,10.0,4.0,54,0,2
Najmul Hossain Shanto,0,13,0.4,32.5,0,0,0
Narsingh Deonarine,13,639,146.7,4.355828220858896,433,13,13
Naseem Shah,4,292,63.3,4.612954186413902,152,6,4
Nasir Hossain,15,590,116.8,5.051369863013699,395,2,15
Nathan Astle,0,67,11.0,6.090909090909091,0,0,0
Nathan Bracken,40,1113,228.7,4.866637516397027,1132,16,40
Nathan Coulter-Nile,184,4549,663.3,6.858133574551485,4704,13,184
Nathan Ellis,24,676,84.5,8.0,600,0,24
Nathan Hauritz,47,2250,483.4,4.654530409598676,1595,52,47
Nathan Lyon,294,8951,2617.4,3.4198059142660653,10418,383,294
Nathan McAndrew,17,512,59.4,8.61952861952862,425,0,17
Nathan McCullum,83,3000,547.1,5.483458234326449,2111,4,83
Nathan Reardon,0,29,2.0,14.5,0,0,0
Nathan Rimmington,41,1121,138.8,8.076368876080691,1033,1,41
Nathu Singh,1,15,4.0,3.75,29,0,1
Natsai M'shangwe,2,170,33.0,5.151515151515151,62,1,2
Navdeep Saini,36,1539,210.9,7.297297297297297,956,7,36
Naved-ul-Hasan,42,992,163.9,6.052471018913971,1106,7,42
Naveen-ul-Haq,9,172,28.0,6.142857142857143,233,1,9
Nawroz Mangal,1,28,1.5,18.666666666666668,25,0,1
Nayan Doshi,2,79,9.2,8.58695652173913,50,0,2
Nazmul Hossain,5,265,46.0,5.760869565217392,145,2,5
Nazmul Islam,4,110,16.3,6.748466257668712,100,0,4
Nehemiah Odhiambo,0,43,5.0,8.6,0,0,0
Neil Wagner,190,4914,1610.4,3.0514157973174365,7426,334,190
Nelon Pascal,0,29,4.0,7.25,0,0,0
Neville Madziva,5,225,32.1,7.009345794392523,125,0,5
Nic Maddinson,6,123,16.0,7.6875,150,0,6
Nicholas Bills,2,44,4.0,11.0,50,0,2
Nick Buchanan,4,129,12.0,10.75,100,0,4
Nick Winter,5,85,11.2,7.589285714285714,125,0,5
Nigel Jones,2,32,9.0,3.5555555555555554,54,0,2
Nikita Miller,34,1127,234.0,4.816239316239316,926,9,34
Nitish Rana,7,142,17.1,8.304093567251462,175,0,7
Nizakat Khan,0,15,1.0,15.0,0,0,0
Noor Ahmad,2,121,14.0,8.642857142857142,50,0,2
Nuwan Kulasekara,115,4263,790.9,5.390061954735112,3279,50,115
Nuwan Pradeep,76,3188,713.5,4.468114926419061,2584,85,76
Nuwan Zoysa,7,259,35.0,7.4,175,0,7
Obed McCoy,5,153,17.0,9.0,125,0,5
Odean Smith,1,38,3.0,12.666666666666666,25,0,1
Olly Stone,4,126,28.0,4.5,128,3,4
Omari Banks,1,41,10.0,4.1,29,0,1
Oshada Fernando,0,32,4.0,8.0,0,0,0
Oshane Thomas,37,960,128.5,7.470817120622568,933,1,37
Owais Shah,2,92,17.1,5.380116959064327,62,1,2
P Hatzoglou,10,240,27.0,8.88888888888889,250,0,10
PM Sarvesh Kumar,1,42,5.0,8.4,25,0,1
Padmanabhan Prasanth,0,18,1.0,18.0,0,0,0
Paidikalva Vijaykumar,4,199,25.2,7.896825396825397,100,0,4
Palani  Amarnath,7,236,22.0,10.727272727272727,175,0,7
Palaniapan Meiyappan,1,60,10.0,6.0,25,0,1
Pankaj Singh,13,805,132.0,6.098484848484849,469,18,13
Pardeep Sahu,3,146,17.3,8.439306358381502,75,0,3
Parth Desai,1,60,9.0,6.666666666666667,33,1,1
Parvez Rasool,5,303,37.0,8.18918918918919,125,0,5
Parvinder Awana,37,1071,126.3,8.479809976247031,941,2,37
Pat Brown,3,128,13.0,9.846153846153847,75,0,3
Pat Cummins,266,6942,1574.1,4.410139127120259,8462,226,266
Paul Collingwood,48,1856,375.0,4.949333333333334,1332,16,48
Paul Harris,17,962,332.6,2.892363199037883,1045,77,17
Paul Hitchcock,2,43,3.0,14.333333333333334,50,0,2
Paul Hoffmann,4,153,37.0,4.135135135135135,104,0,4
Paul Mooney,0,83,9.3,8.924731182795698,0,0,0
Paul Stirling,4,358,57.1,6.26970227670753,100,0,4
Paul Valthaty,7,205,25.1,8.167330677290837,175,0,7
Pawan Negi,35,936,120.2,7.787021630615641,875,0,35
Pawan Suyal,2,151,16.0,9.4375,50,0,2
Pedro Collins,10,394,116.3,3.3877901977644025,454,25,10
Peter Borren,5,177,31.0,5.709677419354839,129,0,5
Peter Chase,10,276,36.0,7.666666666666667,250,0,10
Peter Connell,4,204,37.0,5.513513513513513,136,4,4
Peter George,2,77,28.0,2.75,78,3,2
Peter Ongondo,5,68,18.0,3.7777777777777777,153,3,5
Peter Siddle,136,3653,926.0,3.9449244060475164,4884,185,136
Phil Eaglestone,1,60,7.0,8.571428571428571,25,0,1
Pieter Malan,0,5,2.0,2.5,4,0,0
Pieter Seelaar,7,154,27.0,5.703703703703703,195,2,7
Piyush Chawla,192,5693,838.8,6.787076776347163,4960,20,192
Prabath Jayasuriya,0,95,16.0,5.9375,4,0,0
Pradeep Jeyapragash,1,21,6.0,3.5,37,1,1
Pradeep Sangwan,35,1175,133.4,8.808095952023988,883,1,35
Pragyan Ojha,233,6536,1752.6,3.7293164441401347,8261,304,233
Prasanth Parameswaran,9,224,25.4,8.818897637795276,225,0,9
Prasidh Krishna,18,801,85.5,9.368421052631579,450,0,18
Praveen Dubey,0,72,8.0,9.0,0,0,0
Praveen Kumar,202,6877,1249.3,5.50468262226847,6078,128,202
Pravin Tambe,28,853,110.0,7.754545454545455,700,0,28
Prayas Ray Barman,0,56,4.0,14.0,0,0,0
Prince Masvaure,0,61,14.0,4.357142857142857,4,0,0
Prithvi Raj,1,57,5.0,11.4,25,0,1
Prosper Utseya,27,1096,231.0,4.744588744588745,711,4,27
Qadeer Ahmed,1,23,2.0,11.5,25,0,1
Qais Ahmad,19,496,62.0,8.0,475,0,19
RP Singh,209,6401,1143.0,5.600174978127734,5949,90,209
Rahat Ali,30,1004,293.5,3.4207836456558773,1194,55,30
Rahil Shaikh,0,11,1.0,11.0,0,0,0
Rahkeem Cornwall,3,173,64.0,2.703125,215,17,3
Rahmat Shah,1,72,11.0,6.545454545454546,25,0,1
Rahul Chahar,31,826,110.0,7.509090909090909,775,0,31
Rahul Sharma,49,1283,191.4,6.703239289446186,1233,1,49
Rahul Shukla,5,208,20.0,10.4,125,0,5
Rahul Tewatia,24,680,95.2,7.142857142857142,600,0,24
Rahul Tripathi,0,12,1.0,12.0,0,0,0
Raiphi Gomez,5,129,16.0,8.0625,133,1,5
Rajagopal Sathish,3,206,21.1,9.76303317535545,75,0,3
Rajat Bhatia,71,1985,268.0,7.406716417910448,1783,1,71
Rajin Saleh,1,50,9.0,5.555555555555555,37,1,1
Raju Bhatkal,0,35,2.0,17.5,0,0,0
Ramesh Powar,50,1654,329.6,5.018203883495145,1358,13,50
Ramith Rambukwella,0,27,2.3,11.73913043478261,0,0,0
Ramnaresh Sarwan,6,220,41.0,5.365853658536586,162,1,6
Ranadeb Bose,0,24,2.0,12.0,0,0,0
Rangana Herath,149,5401,1708.9,3.160512610451167,5649,240,149
Raqibul Hasan,1,0,1.0,0.0,37,1,1
Rashid Khan,162,3382,537.7,6.289752650176678,4090,5,162
Rasikh Salam,0,42,4.0,10.5,0,0,0
Ravi Bishnoi,12,376,51.0,7.372549019607843,308,1,12
Ravi Bopara,59,2076,367.4,5.650517147523136,1583,13,59
Ravi Rampaul,123,3204,639.8,5.0078149421694285,3391,39,123
Ravichandran Ashwin,712,19188,5019.3,3.8228438228438226,23612,726,712
Ravindra Jadeja,543,16776,4144.5,4.047774158523344,18323,593,543
Rawl Lewis,1,35,8.0,4.375,29,0,1
Ray Price,7,510,104.3,4.88974113135187,227,6,7
Rayad Emrit,3,174,21.0,8.285714285714286,75,0,3
Raymon Reifer,2,88,30.0,2.933333333333333,126,9,2
Raza Hasan,4,107,18.0,5.944444444444445,104,0,4
Reece Topley,22,614,102.8,5.972762645914397,610,7,22
Reeza Hendricks,0,34,4.0,8.5,0,0,0
Regan West,1,81,16.0,5.0625,37,1,1
Reinhardt Strydom,1,63,8.0,7.875,25,0,1
Rhett Lockyear,2,69,7.0,9.857142857142858,50,0,2
Richard Gleeson,7,244,23.4,10.427350427350428,175,0,7
Richie Berrington,3,135,16.4,8.231707317073171,75,0,3
Ricky Ponting,1,38,5.0,7.6,25,0,1
Rilee Rossouw,1,30,5.0,6.0,25,0,1
Riley Meredith,39,848,106.4,7.969924812030075,975,0,39
Rishi Dhawan,20,842,110.2,7.64065335753176,508,1,20
Riyan Parag,2,148,16.0,9.25,50,0,2
Rizwan Cheema,1,148,15.5,9.548387096774194,25,0,1
Rob Nicol,10,324,51.4,6.303501945525292,266,2,10
Rob Taylor,3,92,13.0,7.076923076923077,75,0,3
Robbie Frylinck,4,53,8.0,6.625,100,0,4
Robin Peterson,43,1384,265.0,5.222641509433962,1159,10,43
Robiul Islam,0,119,23.0,5.173913043478261,20,2,0
Roelof van der Merwe,31,991,143.5,6.905923344947735,783,1,31
Roger Telemachus,0,28,4.0,7.0,0,0,0
Rohan Gavaskar,0,8,1.0,8.0,0,0,0
Rohan Mustafa,2,72,14.1,5.1063829787234045,62,1,2
Rohan Raje,6,209,22.7,9.20704845814978,150,0,6
Rohit Sharma,26,1282,225.4,5.687666370896184,710,7,26
Romario Shepherd,6,249,46.2,5.3896103896103895,178,3,6
Ronit More,1,59,5.5,10.727272727272727,25,0,1
Ronnie Hira,9,281,34.2,8.216374269005847,233,1,9
Ronsford Beaton,0,42,9.0,4.666666666666667,12,1,0
Rory Kleinveldt,11,376,66.2,5.6797583081570995,311,4,11
Ross Lyons,3,171,27.0,6.333333333333333,75,0,3
Ross Taylor,2,70,15.4,4.545454545454545,70,2,2
Roston Chase,43,2027,531.6,3.813017306245297,1455,47,43
Rovman Powell,4,180,27.0,6.666666666666667,100,0,4
Roy Lamsam,0,27,2.0,13.5,0,0,0
Rubel Hossain,58,2607,448.2,5.816599732262383,1558,13,58
Rumman Raees,15,453,70.5,6.425531914893617,383,1,15
Runako Morton,0,2,1.0,2.0,4,0,0
Russel Arnold,0,57,9.4,6.0638297872340425,0,0,0
Rusty Theron,12,372,45.0,8.266666666666667,300,0,12
Ryan Burl,0,30,2.0,15.0,0,0,0
Ryan Duffield,5,197,21.0,9.380952380952381,133,1,5
Ryan Gibson,0,10,1.0,10.0,0,0,0
Ryan Harris,99,2554,562.5,4.540444444444445,3183,88,99
Ryan McLaren,85,2427,389.8,6.226269881990764,2189,8,85
Ryan Ninan,3,65,6.0,10.833333333333334,75,0,3
Ryan Sidebottom,48,1353,342.0,3.956140350877193,1644,55,48
Ryan Watson,2,136,27.0,5.037037037037037,62,1,2
Ryan ten Doeschate,9,286,43.0,6.651162790697675,225,0,9
Saad Nasim,0,12,1.0,12.0,0,0,0
Sabbir Rahman,1,183,34.2,5.3508771929824555,37,1,1
Sachin Baby,2,8,1.4,5.714285714285714,54,0,2
Sachin Rana,0,18,2.4,7.5,0,0,0
Sachin Tendulkar,34,1751,352.5,4.967375886524823,926,9,34
Sachith Pathirana,8,337,62.0,5.435483870967742,220,2,8
Sachithra Senanayake,47,1366,254.5,5.367387033398821,1235,7,47
Saeed Ajmal,135,2695,685.8,3.929717118693497,3923,68,135
Safyaan Sharif,1,71,9.5,7.473684210526316,25,0,1
Sajid Mahmood,6,300,46.3,6.479481641468683,166,2,6
Saleem Mukuddem,0,41,8.0,5.125,12,1,0
Salman Butt,1,70,9.8,7.142857142857142,25,0,1
Sam Curran,69,2138,449.5,4.756395995550612,2201,59,69
Sam Rainbird,12,429,49.1,8.737270875763747,300,0,12
Samit Patel,29,1741,311.1,5.596271295403407,809,10,29
Samiullah Shinwari,2,205,30.2,6.788079470198675,50,0,2
Samuel Badree,63,1614,245.0,6.587755102040816,1623,6,63
Sanath Jayasuriya,28,1290,202.6,6.367226061204343,724,3,28
Sandeep Lamichhane,43,931,122.4,7.606209150326797,1083,1,43
Sandeep Sharma,109,2646,342.1,7.734580532008184,2789,8,109
Sandeep Warrier,2,119,15.0,7.933333333333334,50,0,2
Sanjay Bangar,4,219,25.0,8.76,100,0,4
Saqib Mahmood,8,346,50.5,6.851485148514851,216,2,8
Sarabjit Ladda,5,224,23.0,9.73913043478261,125,0,5
Sarfaraz Khan,0,6,0.2,30.0,0,0,0
Scott Boland,72,2204,287.9,7.655435915248351,1832,4,72
Scott Borthwick,0,72,9.0,8.0,0,0,0
Scott Coyte,8,303,43.1,7.03016241299304,208,1,8
Scott Kuggeleijn,15,505,55.5,9.0990990990991,375,0,15
Scott Styris,37,1412,246.1,5.737505079236083,937,1,37
Sean Abbott,107,2444,288.6,8.468468468468467,2683,1,107
Sean Williams,14,679,144.8,4.689226519337017,418,8,14
Seekkuge Prasanna,15,1074,177.7,6.0438942037141254,383,1,15
Senuran Muthusamy,2,180,37.3,4.82573726541555,70,2,2
Seth Rance,10,245,27.0,9.074074074074074,250,0,10
Shadab Jakati,47,1451,180.5,8.038781163434903,1183,1,47
Shadab Khan,68,1667,286.1,5.826634044040545,1752,6,68
Shafiul Islam,33,1553,305.3,5.08679986898133,1045,27,33
Shahadat Hossain,18,1037,203.5,5.0958230958230954,598,18,18
Shahbaz Ahmed,2,44,6.0,7.333333333333333,50,0,2
Shahbaz Nadeem,50,1765,244.3,7.224723700368399,1298,6,50
Shaheen Afridi,55,1652,328.7,5.02585944630362,1651,34,55
Shahid Afridi,106,3967,718.3,5.522762077126549,2702,6,106
Shaiman Anwar,0,4,0.4,10.0,0,0,0
Shakib Al Hasan,184,6048,1224.4,4.9395622345638674,5108,63,184
Shalabh Srivastava,14,441,47.0,9.382978723404255,350,0,14
Shaminda Eranga,36,1383,340.8,4.058098591549296,1368,58,36
Shamsur Rahman,0,13,1.0,13.0,0,0,0
Shan Masood,2,67,16.0,4.1875,78,3,2
Shane Bond,42,928,177.6,5.225225225225225,1198,18,42
Shane Harwood,10,213,27.0,7.888888888888889,250,0,10
Shane Shillingford,22,786,246.3,3.1912302070645553,858,38,22
Shane Warne,68,1788,246.0,7.2682926829268295,1708,1,68
Shane Watson,226,6911,1170.7,5.903305714529768,6254,75,226
Shannon Gabriel,69,2660,679.9,3.912340050007354,2561,104,69
Shapoor Zadran,6,281,43.0,6.534883720930233,174,3,6
Sharafuddin Ashraf,2,94,19.0,4.947368421052632,62,1,2
Shardul Thakur,88,2605,353.7,7.364998586372632,2336,17,88
Shaun Pollock,42,681,193.0,3.528497409326425,1430,47,42
Shaun Tait,100,2482,330.5,7.50983358547655,2556,7,100
Shaun Udal,5,67,25.2,2.6587301587301586,169,5,5
Shehan Jayasuriya,2,168,20.5,8.195121951219512,50,0,2
Sheldon Cottrell,71,2022,314.7,6.425166825548141,1879,13,71
Sherfane Rutherford,2,108,12.5,8.64,50,0,2
Shermon Lewis,2,93,20.0,4.65,54,0,2
Shikhar Dhawan,4,84,17.0,4.9411764705882355,120,2,4
Shingi Masakadza,9,365,55.7,6.552962298025134,257,4,9
Shivam Dube,6,314,32.9,9.544072948328267,150,0,6
Shivam Mavi,14,482,54.0,8.925925925925926,366,2,14
Shivam Sharma,4,165,19.0,8.68421052631579,100,0,4
Shivil Kaushik,6,297,34.0,8.735294117647058,150,0,6
Shivnarine Chanderpaul,1,55,15.0,3.6666666666666665,29,0,1
Shoaib Ahmed,5,152,17.0,8.941176470588236,125,0,5
Shoaib Akhtar,41,1275,272.7,4.675467546754676,1277,31,41
Shoaib Malik,51,2041,371.6,5.492465016146394,1455,22,51
Shreyas Gopal,48,1164,148.1,7.859554355165429,1208,1,48
Shreyas Iyer,0,15,2.0,7.5,0,0,0
Shrikant Mundhe,1,6,1.0,6.0,25,0,1
Shrikant Wagh,5,137,17.0,8.058823529411764,125,0,5
Shubham Agarwal,1,42,4.0,10.5,25,0,1
Shuvagata Hom,1,109,27.0,4.037037037037037,29,0,1
Siddarth Kaul,55,1712,203.3,8.421052631578947,1391,2,55
Siddharth Chitnis,2,60,6.0,10.0,50,0,2
Siddharth Trivedi,64,1884,246.8,7.633711507293355,1616,2,64
Sikandar Raza,3,282,59.0,4.779661016949152,111,4,3
Simi Singh,8,273,46.5,5.870967741935484,212,1,8
Simon Harmer,20,588,191.2,3.075313807531381,776,34,20
Simon Katich,1,91,24.0,3.7916666666666665,53,3,1
Simon Keen,1,48,5.0,9.6,25,0,1
Simon Milenko,9,207,20.3,10.197044334975368,225,0,9
Sir Alastair Cook,1,6,2.0,3.0,29,0,1
Skhawat Ali,0,68,8.0,8.5,0,0,0
Sohag Gazi,14,548,103.1,5.315227934044617,418,8,14
Sohaib Maqsood,0,23,3.0,7.666666666666667,0,0,0
Sohail Khan,28,774,186.9,4.141252006420546,888,23,28
Sohail Tanvir,69,2042,349.9,5.835953129465562,1889,20,69
Sohrawordi Shuvo,5,96,30.0,3.2,161,4,5
Solomon Mire,0,128,14.0,9.142857142857142,0,0,0
Soumya Sarkar,7,326,66.3,4.917043740573153,187,1,7
Sourav Ganguly,23,1117,233.0,4.793991416309013,771,24,23
Sourav Sarkar,1,34,4.1,8.292682926829269,25,0,1
Sreenath Aravind,46,1083,129.8,8.343605546995377,1150,0,46
Sreesanth,194,6838,1400.5,4.88254194930382,6214,170,194
Sridharan Sriram,4,129,22.0,5.863636363636363,112,1,4
Stephen Cook,0,16,2.0,8.0,0,0,0
Stephen Parry,8,230,35.0,6.571428571428571,216,2,8
Steve Harmison,12,631,155.2,4.065721649484536,480,22,12
Steve O'Keefe,78,1863,369.3,5.0446791226645,2210,32,78
Steve Tikolo,1,161,22.0,7.318181818181818,25,0,1
Steven Finn,218,6035,1378.5,4.377947043888284,6838,173,218
Steven Smith,38,1165,215.6,5.40352504638219,1010,7,38
Stiaan van Zyl,6,148,67.1,2.205663189269747,274,15,6
Stuart Binny,33,1324,224.0,5.910714285714286,933,13,33
Stuart Broad,501,13888,3919.2,3.5435803225147993,18977,806,501
Stuart Clark,33,1067,354.4,3.010722347629797,1493,83,33
Stuart MacGill,7,166,25.0,6.64,175,0,7
Stuart Matsikenyeri,0,16,2.0,8.0,0,0,0
Stuart Meaker,4,180,26.5,6.7924528301886795,108,1,4
Stuart Thompson,6,206,29.5,6.983050847457627,158,1,6
Subashis Roy,7,284,70.2,4.045584045584046,259,10,7
Sudeep Tyagi,9,460,63.8,7.210031347962383,257,4,9
Sudhesan Midhun,0,27,2.0,13.5,0,0,0
Sulieman Benn,65,2805,684.4,4.098480420806546,2317,86,65
Sumit Narwal,5,202,17.4,11.609195402298852,125,0,5
Sunil Dhaniram,0,82,15.0,5.466666666666667,4,0,0
Sunil Joshi,1,82,9.1,9.010989010989011,25,0,1
Sunil Narine,275,6878,1292.2,5.322705463550534,7383,63,275
Sunny Gupta,0,47,3.0,15.666666666666666,0,0,0
Suraj Randiv,46,1775,412.0,4.308252427184466,1418,33,46
Suranga Lakmal,123,4613,1153.4,3.9994797988555573,4431,169,123
Suresh Raina,86,3911,725.8,5.3885367869936625,2370,27,86
Suryakumar Yadav,0,8,1.0,8.0,0,0,0
Swapnil Singh,1,90,10.0,9.0,25,0,1
Syed Rasel,10,486,103.7,4.686595949855352,310,7,10
T Natarajan,32,969,159.3,6.08286252354049,896,12,32
TP Sudhindra,1,136,11.4,11.929824561403509,25,0,1
Tabraiz Shamsi,49,1860,333.2,5.582232893157263,1349,15,49
Tafadzwa Kamungozi,1,66,11.0,6.0,25,0,1
Taijul Islam,14,993,273.5,3.6307129798903106,626,34,14
Tanbir Hayder,0,67,10.0,6.7,0,0,0
Tanveer Sangha,15,228,30.3,7.524752475247524,375,0,15
Tanvir Ahmed,9,225,60.5,3.71900826446281,293,8,9
Tanwir Afzal,0,34,4.0,8.5,0,0,0
Tapash Baisya,4,102,20.0,5.1,120,2,4
Tarun Nethula,3,208,34.0,6.117647058823529,91,2,3
Taskin Ahmed,25,1498,270.0,5.548148148148148,749,15,25
Taurai Muzarabani,2,79,15.0,5.266666666666667,62,1,2
Tawanda Mupariwa,0,104,16.0,6.5,0,0,0
Tejas Baroka,0,33,3.3,10.0,0,0,0
Temba Bavuma,1,61,16.0,3.8125,37,1,1
Tendai Chatara,14,733,145.8,5.027434842249657,522,21,14
Tendai Chisoro,0,77,10.0,7.7,0,0,0
Thandi Tshabalala,1,42,8.0,5.25,45,2,1
Tharanga Paranavitana,0,7,1.0,7.0,0,0,0
Tharindu Kaushal,15,728,175.9,4.138715179079022,459,10,15
Theo Doropoulos,0,12,1.0,12.0,0,0,0
Theunis de Bruyn,0,74,17.0,4.352941176470588,12,1,0
Thilan Samaraweera,0,12,2.0,6.0,0,0,0
Thilan Thushara,33,938,155.9,6.016677357280308,865,5,33
Thilina Kandamby,2,131,20.0,6.55,58,1,2
Thinus Fourie,0,44,11.0,4.0,12,1,0
Thisara Perera,134,4942,726.5,6.802477632484515,3526,22,134
Thomas Odoyo,1,195,31.0,6.290322580645161,33,1,1
Thomas Rogers,9,373,41.2,9.053398058252426,225,0,9
Tillakaratne Dilshan,52,2749,537.8,5.111565637783563,1440,17,52
Tim Bresnan,162,5169,951.5,5.432475039411456,4614,70,162
Tim David,0,4,1.2,3.3333333333333335,4,0,0
Tim Murtagh,12,288,76.0,3.789473684210526,376,9,12
Tim Southee,596,18520,4423.4,4.186824614549894,20688,723,596
Tim de Leede,0,32,6.0,5.333333333333333,4,0,0
Timm van der Gugten,2,71,10.0,7.1,50,0,2
Timycen Maruma,2,54,9.4,5.74468085106383,54,0,2
Tinashe Panyangara,4,319,69.7,4.576757532281205,240,17,4
Tino Best,38,1489,292.9,5.08364629566405,1090,17,38
Tinotenda Mutombodzi,4,177,28.5,6.2105263157894735,100,0,4
Tirumalasetti Suman,5,182,23.0,7.913043478260869,125,0,5
Toby Roland-Jones,18,368,95.8,3.8413361169102296,654,25,18
Todd Astle,16,543,142.1,3.8212526389866293,540,17,16
Tom Andrews,2,76,10.0,7.6,50,0,2
Tom Blundell,0,13,3.0,4.333333333333333,4,0,0
Tom Cooper,11,388,54.0,7.185185185185185,275,0,11
Tom Curran,105,3206,453.6,7.067901234567901,2809,23,105
Tom O'Connell,1,51,6.0,8.5,25,0,1
Tom Westley,0,12,4.0,3.0,4,0,0
Travis Head,28,1139,173.1,6.58001155401502,724,3,28
Trent Boult,465,12447,3235.0,3.8476043276661516,16309,585,465
Trent Copeland,0,36,4.0,9.0,0,0,0
Trent Johnston,17,798,160.2,4.9812734082397006,517,11,17
Trent Lawford,2,152,17.0,8.941176470588236,50,0,2
Trevin Bastiampillai,0,11,2.0,5.5,4,0,0
Tushar Deshpande,3,192,17.0,11.294117647058824,75,0,3
Tymal Mills,17,721,84.5,8.532544378698224,433,1,17
Tyron Henderson,1,71,10.0,7.1,25,0,1
Udara Jayasundera,0,45,7.0,6.428571428571429,0,0,0
Umar Amin,1,50,16.0,3.125,53,3,1
Umar Bhatti,6,124,30.0,4.133333333333334,186,4,6
Umar Gul,112,3300,640.0,5.15625,3292,61,112
Umesh Yadav,368,11626,2247.1,5.173779538071292,11068,233,368
Upul Chandana,6,283,47.5,5.957894736842105,154,0,6
Usman Khawaja,0,4,1.0,4.0,4,0,0
Usman Qadir,6,203,24.0,8.458333333333334,150,0,6
Usman Shinwari,21,553,93.0,5.946236559139785,545,2,21
VVS Laxman,1,26,12.0,2.1666666666666665,45,2,1
Varun Aaron,71,2795,420.1,6.653177814805998,1895,15,71
Varun Chakravarthy,18,391,55.0,7.109090909090909,450,0,18
Veer Pratap Singh,10,296,34.0,8.705882352941176,250,0,10
Veerasammy Permaul,16,576,147.8,3.8971583220568333,508,13,16
Venugopal Rao,6,337,36.0,9.36111111111111,150,0,6
Vernon Philander,156,3723,1380.8,2.696263035921205,6832,366,156
Vidyut Sivaramakrishnan,1,22,2.0,11.0,25,0,1
Vijay Shankar,12,477,69.2,6.893063583815029,300,0,12
Vikram Singh,20,1002,176.3,5.683494044242767,664,20,20
Vikram Solanki,0,42,7.0,6.0,0,0,0
Vikramjeet Malik,6,261,34.1,7.653958944281524,150,0,6
Vikrant Yeligati,0,59,5.0,11.8,0,0,0
Vikum Sanjaya,3,101,10.0,10.1,75,0,3
Vinay Kumar,148,4622,623.7,7.410614077280743,3860,20,148
Virat Kohli,12,1309,198.7,6.587820835430297,324,3,12
Virender Sehwag,84,3376,839.3,4.022399618729894,2616,64,84
Vishwa Fernando,19,646,135.6,4.76401179941003,575,12,19
Vusi Sibanda,0,61,8.0,7.625,8,1,0
Wahab Riaz,90,3391,703.0,4.823613086770981,2742,61,90
Waheed Ahmed,0,10,2.0,5.0,4,0,0
Wanindu Hasaranga,13,416,66.2,6.283987915407855,341,2,13
Waqas Maqsood,2,21,1.5,14.0,50,0,2
Washington Sundar,42,1398,224.4,6.229946524064171,1122,9,42
Wavell Hinds,2,69,11.0,6.2727272727272725,50,0,2
Wayne Parnell,136,3684,595.8,6.183282980866063,3616,27,136
Wellington Masakadza,1,32,4.0,8.0,25,0,1
Wes Agar,36,806,93.5,8.620320855614974,908,1,36
Wiaan Mulder,8,301,54.0,5.574074074074074,228,3,8
Wil Parker,0,48,5.0,9.6,0,0,0
Wilkin Mota,4,97,12.0,8.083333333333334,100,0,4
Will Jacks,0,26,3.0,8.666666666666666,0,0,0
Will Sutherland,6,263,27.9,9.42652329749104,150,0,6
William Bosisto,1,44,6.0,7.333333333333333,25,0,1
William Sheridan,11,270,31.6,8.544303797468354,275,0,11
William Somerville,18,645,197.2,3.27079107505071,694,30,18
Xavier Bartlett,8,183,22.0,8.318181818181818,208,1,8
Xavier Doherty,69,2752,493.0,5.582150101419878,2033,38,69
Xavier Marshall,0,5,0.3,16.666666666666668,0,0,0
Yamin Ahmadzai,0,49,8.4,5.833333333333333,12,1,0
Yasir Arafat,32,704,93.5,7.529411764705882,808,1,32
Yasir Hameed,0,24,5.0,4.8,12,1,0
Yasir Shah,80,3278,920.6,3.5607212687377796,2980,122,80
Yo Mahesh,21,499,56.3,8.86323268206039,525,0,21
Yogesh Nagar,4,125,11.0,11.363636363636363,100,0,4
Younis Khan,0,86,18.2,4.725274725274725,12,1,0
Yusuf Abdulla,16,335,38.5,8.7012987012987,408,1,16
Yusuf Pathan,88,3201,487.5,6.5661538461538465,2232,4,88
Yuvraj Singh,152,5132,939.4,5.4630615286353,3948,18,152
Yuzvendra Chahal,259,6398,972.4,6.579596873714521,6611,17,259
Zafar Ansari,5,275,68.0,4.044117647058823,153,3,5
Zafar Gohar,2,213,42.0,5.071428571428571,54,0,2
Zaheer Khan,439,13265,3023.7,4.387009293249992,14347,421,439
Zahir Khan,8,276,39.0,7.076923076923077,200,0,8
Zahoor Khan,0,73,10.0,7.3,0,0,0
Zak Evans,0,73,7.0,10.428571428571429,0,0,0
Ziaur Rahman,3,100,14.3,6.9930069930069925,75,0,3
Zulfiqar Babar,32,1119,376.8,2.9697452229299364,1436,79,32
