cost,role,player_name,team,recent_form,last_5_matches,ground_performance,weighted_recent_form,consistency,venue_performance,opposition_performance,form_trend,match_importance,ml_predicted_points,predicted_points
5.0,WK,Vansh Bedi,CHE,23.320034281873866,"[12.834357897590223, 29.361334937658807, 25.93178000642468, 27.126096091659413, 21.34660247603621]",22.589005236890383,20.965627352712275,0.38822565627340366,22.589005236890383,22.589005236890383,1.4789250310892563,1.2,22.5,26.195807154371614
5.5,BAT,Andre Siddharth,CHE,28.97773745711503,"[29.0978204744412, 43.55766131962488, 36.8301998425821, 28.767917978701245, 6.635087670225741]",27.982106853693146,32.17262014691399,0.37732073250495624,27.982106853693146,27.982106853693146,-5.9715208949354555,1.2,24.75,27.383148354406035
5.5,AR,Ramakrishna Ghosh,CHE,29.33710199385471,"[37.68516032589795, 22.482366602636127, 23.58300935272285, 43.733411981225125, 19.201561706791487]",28.282553597963968,31.133536173171468,0.4746991393808241,28.28255359796397,28.28255359796397,-1.5716151859623937,1.2,24.75,30.311803334113502
5.0,BAT,Shaik Rasheed,CHE,23.414378631432136,"[36.189124673248536, 17.41277764264153, 19.428962983326905, 31.85602759246668, 12.185000265477028]",23.580927505482833,26.086636662553012,0.4711543119923203,23.580927505482833,23.580927505482833,-3.3564998865717883,1.2,22.5,24.8211711187145
6.0,BOWL,Gurjapneet Singh,CHE,31.11115600493135,"[17.403534099236325, 26.313962993506845, 40.737993272158064, 32.52074908695564, 38.57954057279985]",29.059362248832215,26.640451432017986,0.4202939251777968,29.059362248832226,29.059362248832226,4.855879904057582,1.2,27.0,36.27854765841465
8.5,BOWL,Matheesha Pathirana,CHE,43.41321128362175,"[57.29453927614359, 40.29720035993287, 27.39037686691616, 29.209899809002877, 62.87404010611325]",46.85765321177322,45.5153696193892,0.3797055702273038,46.857653211773204,46.857653211773204,0.00717011090093089,1.2,38.25,50.811403943049484
7.5,BOWL,Noor Ahmad,CHE,44.34143205451395,"[45.38670113319255, 54.04555650170968, 51.7683811624506, 32.36075710795851, 38.145764367258415]",46.45076858132902,47.376346861123565,0.2614022567600566,46.45076858132902,46.45076858132902,-3.6166672925619494,1.2,33.75,45.98868665226306
6.0,BOWL,Anshul Kamboj,CHE,38.67040235151183,"[33.33849021958207, 37.03328940968529, 38.27569926329722, 33.34990105061618, 51.35463181437839]",32.88115953580237,35.45091002562036,0.33715261099221694,32.88115953580237,32.88115953580237,3.2348894830523527,1.2,27.0,38.70430995412427
7.0,BOWL,Nathan Ellis,CHE,34.01597170854567,"[29.01361510791363, 43.782127270066105, 20.952000477007005, 28.73964914382113, 47.59246654392047]",33.21400126622435,32.459580284650045,0.352193493046055,33.21400126622435,33.21400126622435,2.211522474576871,1.2,31.5,40.26029792090521
6.5,BOWL,Mukesh Choudhary,CHE,27.456511860091496,"[37.39531517731372, 18.19365361068205, 37.59599178405353, 15.86069671601988, 28.236902012388303]",29.33543752159921,29.298162035146238,0.32182305600752276,29.33543752159922,29.33543752159922,-2.0649783224513025,1.2,29.25,34.07179534053073
9.0,BAT,Ruturaj Gaikwad,CHE,60.31827641805468,"[40.46472701431357, 69.86775055824155, 67.29376945456883, 59.99310240311281, 63.97203266003661]",51.345820416042116,53.736185888109624,0.44068751670984513,51.34582041604214,51.34582041604214,3.7139963136317307,1.2,40.5,54.82882852613798
6.0,BOWL,Kamlesh Nagarkoti,CHE,33.091909613296465,"[57.23971985273983, 45.82368730821741, 27.25840174346993, 17.87804229613756, 17.259696865917597]",26.19201367564815,41.990196106198425,0.43826579156543854,26.19201367564814,26.19201367564814,-10.790569098572439,1.2,27.0,29.32056429158091
8.0,BAT,Rachin Ravindra,CHE,47.64186529999776,"[45.71946575984828, 32.64487248846521, 57.06974620870707, 71.11193995827946, 31.663302084688773]",38.42647997520259,44.99087747717156,0.36796226395153214,38.42647997520259,38.42647997520259,1.0354740119495218,1.2,36.0,44.54703899425166
7.5,BOWL,Khaleel Ahmed,CHE,44.01860373226982,"[22.583958541661563, 82.15187013549952, 53.78031376070575, 31.762288012589806, 29.814588210892417]",41.86722539909697,44.94151092874528,0.38470341178533574,41.86722539909698,41.86722539909698,-3.592832278444805,1.2,33.75,43.92685672809474
8.0,BAT,Shivam Dube,CHE,37.59105752753349,"[50.0068690857531, 49.29267911951022, 10.965859515136009, 49.38952373747394, 28.3003561797942]",35.24049537975906,42.66002564005079,0.46108238319243483,35.240495379759054,35.240495379759054,-4.331618119395416,1.2,36.0,39.81158389590266
7.5,BAT,Rahul Tripathi,CHE,29.296308483100706,"[34.07849081174696, 26.107378663669877, 31.356542725436512, 29.561188735094568, 25.3779414795556]",35.518724412741335,31.16554179544333,0.49218961826985386,35.518724412741335,35.518724412741335,-1.3947288592958071,1.2,33.75,37.54851003915132
7.5,AR,Sam Curran,CHE,42.82176166842305,"[15.705115307927525, 49.50046743165056, 38.27302641613058, 53.88759135700061, 56.74260782940597]",44.9861606026945,35.077768703607,0.5049843302792534,44.9861606026945,44.9861606026945,8.646210896830688,1.2,33.75,48.062522795889045
6.5,BOWL,Shreyas Gopal,CHE,30.58928195743952,"[25.09224330252441, 27.16958901186954, 41.37080782679813, 44.619014292280646, 14.694755353724888]",34.562785130975556,30.075195723645667,0.37022500717079,34.56278513097555,34.56278513097555,-0.33455506171879423,1.2,29.25,37.03231844449253
7.0,BAT,Deepak Hooda,CHE,37.381071139153185,"[46.25552448072529, 29.803237688371983, 39.30984190167701, 26.24254970976965, 45.29420191522198]",37.29394568637534,39.19000022072456,0.3225292514430557,37.29394568637534,37.29394568637534,-0.5483333109608965,1.2,31.5,39.16478377230995
8.0,WK,Devon Conway,CHE,44.361120372566845,"[37.05840893709626, 27.96144843229724, 57.354372887771405, 44.47258665648757, 54.958784949181776]",44.19367300767457,40.179860616731744,0.2510301374673786,44.193673007674576,44.193673007674576,5.231189024836136,1.2,36.0,47.63998186521967
6.5,AR,Jamie Overton,CHE,33.64578502995397,"[31.684334444986757, 63.29186794811964, 33.80309147553064, 7.079722374900126, 32.3699089062327]",31.587151271256015,37.90827646761903,0.5156188271877354,31.587151271256012,31.587151271256012,-5.484099665072766,1.2,29.25,33.326177013580136
6.5,BAT,Vijay Shankar,CHE,46.910349669226434,"[30.251513732507767, 48.21701466232961, 63.594125004264754, 48.52929966292324, 43.959795284106775]",37.473460120822345,42.12907648998435,0.4247534301244518,37.473460120822345,37.473460120822345,2.7728848103791637,1.2,29.25,40.56674728007045
8.0,AR,Ravichandran Ashwin,CHE,37.84416989085426,"[18.497702121952297, 26.80722727040887, 64.8326701350213, 43.34974211008428, 35.733507816804575]",37.34384631995978,30.648539413399746,0.4422707704166534,37.34384631995978,37.34384631995978,5.101412622937996,1.2,36.0,43.86794569290118
8.5,AR,Ravindra Jadeja,CHE,53.75042118913889,"[64.88636568037259, 52.89118404969639, 54.8928856970201, 30.683414456608723, 65.39825606199663]",45.644430375620466,57.423181861467036,0.47188082349446986,45.64443037562046,45.64443037562046,-2.1183988829839615,1.2,38.25,49.89116123109257
7.0,WK,MS Dhoni,CHE,27.894683413265575,"[12.33253362349319, 16.706935030873463, 51.34741440779749, 24.76841756477961, 34.31811643938411]",35.297205888776354,23.64314714328372,0.39095239129045795,35.297205888776354,35.297205888776354,5.203264816568798,1.2,31.5,38.285475970962274
5.0,AR,Madhav Tiwari,DC,38.40940967731847,"[46.74135293996098, 13.766147926419745, 58.64556139980689, 43.50440418624698, 29.38958193415777]",25.349627759291675,37.04581971873834,0.5405632277816964,25.34962775929167,25.34962775929167,-0.49652857517792065,1.2,22.5,30.14343743390562
5.5,AR,Manvanth Kumar L,DC,23.728896303798116,"[28.15119180101297, 10.1779534206241, 30.817483187074437, 21.25381630966394, 28.244036800615135]",26.590485400370188,23.152264238354928,0.44309167130523297,26.59048540037019,26.59048540037019,1.1261552888244157,1.2,24.75,29.495272943770058
5.5,BOWL,Tripurana Vijay,DC,33.19337570442654,"[33.8650794025641, 55.79844673332822, 36.67451615034333, 22.844608047781275, 16.78422818811584]",28.631326738661134,37.277459846342,0.4099660724561915,28.631326738661137,28.631326738661137,-6.711554111444349,1.2,24.75,30.060599272925042
5.0,BOWL,Vipraj Nigam,DC,26.337313064210502,"[48.71523872330008, 15.960318190367191, 15.21019612657471, 28.399599812896987, 23.401212467913524]",21.94078707937111,30.73193161390465,0.451456428794809,21.94078707937111,21.94078707937111,-3.8188770888243324,1.2,22.5,26.676567865325083
8.0,BAT,Tristan Stubbs,DC,44.24115131536563,"[37.7892371687555, 38.005009843560686, 57.32274484818375, 39.067329211012016, 49.0214355053162]",45.00798524026047,40.688567001761896,0.3613915080702369,45.00798524026046,45.00798524026046,2.3526716040572726,1.2,36.0,46.27925461493536
6.5,WK,Abishek Porel,DC,25.111307406415385,"[30.21476078404246, 19.796558640777807, 19.47285968161616, 26.811313193333707, 29.261044732306782]",26.288702474046946,25.442478905062494,0.2653501877868041,26.288702474046946,26.288702474046946,0.5107322449084507,1.2,29.25,31.84924502637415
7.0,BAT,Ashutosh Sharma,DC,31.00031257355589,"[7.880010427056385, 62.46368217790271, 44.61865037161296, 20.370654844806385, 19.66856504640099]",31.74091732088006,30.0397298447487,0.4349190536397113,31.740917320880058,31.740917320880058,-1.8515918094407116,1.2,31.5,34.52085527333928
7.0,AR,Donovan Ferreira,DC,35.1200097832921,"[23.362948910386127, 35.257134791742814, 28.541966058579256, 46.26067780596605, 42.17732134978623]",35.74724085136247,30.82625381814009,0.34331712036813133,35.74724085136247,35.74724085136247,4.863228789302342,1.2,31.5,40.53951660202393
6.5,BAT,Sameer Rizvi,DC,29.645165421570955,"[33.91032624124184, 31.365047234897997, 31.86132253481881, 34.21559835993005, 16.873532736966073]",33.24356666704715,33.14264771558425,0.4255909859343064,33.243566667047155,33.243566667047155,-3.1223035883519508,1.2,29.25,33.6039232988432
7.5,BAT,Jake Fraser-McGurk,DC,49.232017705227356,"[58.44531925585795, 27.377148054662825, 35.85544475121863, 58.88128007398141, 65.60089639041595]",40.024861524854,46.06984704766337,0.47117030441040825,40.024861524854,40.024861524854,4.581528628843455,1.2,33.75,46.06313892620148
6.5,AR,Ajay Mandal,DC,41.82325791853634,"[41.18927146869127, 75.66770199675064, 25.666190190422668, 31.20629935975909, 35.386826577058045]",34.44460552410897,45.62378049235475,0.41428422297167233,34.444605524108965,34.444605524108965,-5.6066292420258,1.2,29.25,36.00114810163508
6.5,BOWL,Darshan Nalkande,DC,35.75322992221129,"[32.67440354899671, 52.02831481523154, 26.484784742521587, 18.286597259095107, 49.29204924521151]",33.09857217212865,37.14079737842089,0.4519046871747596,33.09857217212865,33.09857217212865,-0.05064261637068551,1.2,29.25,38.54475609979543
7.5,BOWL,T Natarajan,DC,36.29104065425982,"[24.92014890293605, 11.43643787230791, 56.53155056561734, 37.15871257855893, 51.40835335187883]",41.593096213659834,30.576755986265304,0.38586708228548294,41.59309621365983,41.59309621365983,7.869868360413655,1.2,33.75,47.475567596072814
7.0,BOWL,Mukesh Kumar,DC,41.701012542427875,"[20.8466639771468, 52.04127723696203, 25.1803547019562, 55.2013703541866, 55.23539644188775]",37.19295278848592,34.34077644483248,0.3851922795333112,37.19295278848592,37.19295278848592,7.1937558046706425,1.2,31.5,45.17288120607443
8.5,BOWL,Kuldeep Yadav,DC,74.01876875110413,"[73.46040425313089, 64.48102262647812, 79.48740558979429, 68.89290282703084, 83.77210845908647]",54.797129313990354,69.8833562526441,0.2794519625789635,54.79712931399036,54.79712931399036,2.5035288612463757,1.2,38.25,61.1230573082743
7.5,BOWL,Mohit Sharma,DC,38.603827670907506,"[51.77816780396801, 39.86132000285353, 26.858929373805463, 28.29077136104961, 46.22994981286088]",37.99433836352009,42.075933179297536,0.3313308762352644,37.99433836352009,37.99433836352009,-2.266698462401823,1.2,33.75,42.80969677832512
9.0,WK,Lokesh Rahul,DC,57.16557245320064,"[87.785810148443, 48.35867216357659, 37.107482409219614, 51.5122101227626, 61.06368742200135]",49.355361786763694,63.26587371856986,0.29126979429219285,49.355361786763716,49.355361786763716,-5.029070749369739,1.2,40.5,51.272975778864044
9.0,AR,Axar Patel,DC,51.37358883855785,"[56.97412915332183, 44.70409344205627, 61.010443088622544, 49.9321346208228, 44.24714388796578]",51.41109579484811,53.13888160249516,0.47857488341415516,51.411095794848116,51.411095794848116,-2.0225929351945573,1.2,40.5,52.03205113036559
7.0,BOWL,Dushmantha Chameera,DC,25.239365346038188,"[13.282059674130725, 11.485002568586522, 27.32285480865957, 31.425777141139267, 42.68113253767486]",37.98697197624487,20.290395658067144,0.3603424754592111,37.98697197624487,37.98697197624487,7.873892029964102,1.2,31.5,42.28352907491532
7.0,BAT,Karun Nair,DC,37.477318622442226,"[37.17483566400804, 52.03944622046708, 33.88849684238735, 34.90133854504363, 29.38247584030501]",29.292835804228833,38.53727876868589,0.4896854208400956,29.292835804228833,29.292835804228833,-3.2722827322829557,1.2,31.5,34.97342800638349
8.5,BAT,Faf du Plessis,DC,54.713658571844306,"[61.03714099386224, 61.18137048765227, 52.475497216442925, 52.04272744620257, 46.83155671506148]",48.15938466836409,55.34051868634912,0.4028872116505516,48.1593846683641,48.1593846683641,-3.754981159905129,1.2,38.25,48.426551189289945
8.5,BOWL,Mitchell Starc,DC,54.1724094011027,"[77.75560203087687, 83.46731899903189, 46.5681808464896, 34.79106459465927, 28.27988053445583]",47.32504454677045,65.28005160627535,0.3296556734009726,47.32504454677045,47.32504454677045,-14.762769739721474,1.2,38.25,46.5944877400466
5.5,BOWL,Gurnoor Brar Singh,GT,22.456657224761642,"[22.872641781671103, 43.90206794888784, 15.159195063097304, 16.912657366640087, 13.436723963511886]",24.714786851536545,26.306637918720572,0.4427174597804594,24.714786851536545,24.714786851536545,-4.586124621856621,1.2,24.75,27.375935645810326
6.0,AR,Nishant Sindhu,GT,28.87272911298869,"[11.962893962989758, 42.53055205610623, 20.708696715581944, 25.1387237909153, 44.02277903935022]",29.228484256374372,24.3813506064832,0.4816556068971518,29.228484256374372,29.228484256374372,4.672794188752995,1.2,27.0,34.128102124755884
5.5,AR,Arshad Khan,GT,30.157766321512156,"[39.09451329197937, 35.84910309401745, 15.623990952269295, 35.14313612791734, 25.07808814137733]",26.28056589118192,32.2922875964327,0.5280192099463749,26.280565891181926,26.280565891181926,-2.8738817267304224,1.2,24.75,29.191389600777075
8.0,BAT,Sai Sudharsan,GT,54.480008570301536,"[75.99062867563575, 47.03321707591498, 24.446052776949205, 71.78881365717332, 53.14133066583438]",46.355709933145775,57.711882186228635,0.502676338461215,46.35570993314578,46.35570993314578,-2.0942999438344456,1.2,36.0,48.10098473833794
5.5,WK,Kumar Kushagra,GT,23.059087938371256,"[22.967942525953557, 19.279873354528767, 40.24210427701599, 13.305989083720792, 19.49953045063718]",25.777453767101022,23.62816421876264,0.34696649265131974,25.777453767101022,25.777453767101022,-1.2910708421440755,1.2,24.75,27.479353037346897
6.0,AR,Manav Suthar,GT,35.95420565907999,"[20.80804322154089, 32.084816120888306, 32.658957901253586, 56.35626547514816, 37.86294557656901]",31.084957470404913,29.92751916437765,0.45858124925256605,31.084957470404905,31.084957470404905,5.838125406431609,1.2,27.0,36.75413159069754
7.0,BAT,Sherfane Rutherford,GT,34.73765222890639,"[56.12219266852951, 30.4346463057952, 7.579020424845476, 71.83048651946851, 7.721915225893259]",38.360623810898424,39.362105400057246,0.5413264998685032,38.360623810898424,38.360623810898424,-5.540471467159921,1.2,31.5,36.53080955898731
7.0,BOWL,Gerald Coetzee,GT,50.38386199494696,"[47.54181142507007, 57.14430540829341, 53.51415866436837, 45.98837631241389, 47.73065816458903]",38.78158826868675,49.901430527439295,0.32360588618446884,38.781588268686754,38.781588268686754,-1.0778235616841698,1.2,31.5,44.37597321039181
6.5,WK,Anuj Rawat,GT,41.079945792275375,"[50.42413623486348, 48.22254723733923, 37.30482966745704, 33.40622919567823, 36.041986626038856]",33.15675043779228,43.953441197541316,0.30347692439310553,33.156750437792276,33.156750437792276,-4.35806172593103,1.2,29.25,35.43101398318898
6.0,BOWL,Kulwant Khejroliya,GT,21.37925322735311,"[32.530680166250576, 12.585810826275742, 12.819086002759509, 28.178977995939235, 20.781711145540484]",31.216969951485876,23.869979958190168,0.4176590879154895,31.216969951485872,31.216969951485872,-0.7904770871756728,1.2,27.0,32.66877591849236
9.0,BAT,Shubman Gill,GT,46.50438053066115,"[45.34763618441031, 46.42631603178483, 34.196297721733984, 64.74403725318899, 41.80761546218768]",52.23549904685428,46.88567303945871,0.41825547841659105,52.23549904685428,52.23549904685428,1.123767977695887,1.2,40.5,51.8974720301439
7.0,BOWL,Ravisrinivasan Sai Kishore,GT,38.551778521680305,"[35.831745773710146, 51.0813462005642, 39.49402771060676, 21.2850670765754, 45.066705846945005]",38.2920905811421,39.463544149035386,0.33368171212337006,38.2920905811421,38.2920905811421,-1.1326358977519055,1.2,31.5,41.53005400534758
6.5,BAT,Mahipal Lomror,GT,39.87546732340988,"[41.337222943550245, 30.48410709715627, 28.20941669945007, 26.59960404425444, 72.74698583263836]",33.16820829163915,37.258236552409926,0.46471257528087323,33.16820829163915,33.16820829163915,5.893502272527436,1.2,29.25,39.97854062358659
6.0,AR,Karim Janat,GT,28.341824842675443,"[33.16075111995854, 35.7381668558718, 18.398835749083645, 23.10747788877048, 31.30389259969273]",27.497630083291146,30.15252357041418,0.4149920720457359,27.497630083291142,27.497630083291142,-1.6344406007632943,1.2,27.0,31.165808776250206
7.0,AR,Washington Sundar,GT,48.45702444883232,"[57.56309056499482, 46.92056756786092, 51.876642047253085, 52.244007905977774, 33.680814158075016]",40.7313246417767,52.01218031184964,0.43868028510830237,40.7313246417767,40.7313246417767,-4.244111247572283,1.2,31.5,41.671691727616064
7.5,AR,Shahrukh Khan,GT,31.109409874716068,"[26.19478694653178, 12.727756042313134, 29.872387319654276, 36.93904229591523, 49.81307676916592]",41.507299509090586,27.35764200693619,0.5324601295304942,41.507299509090586,41.507299509090586,7.144786589887034,1.2,33.75,44.20821932664895
8.0,BOWL,Mohammed Siraj,GT,47.095299962486685,"[47.55439541945167, 38.61182869323403, 61.95862568428375, 26.51243740915608, 60.83921260630787]",47.150198403141175,47.05836017477891,0.3236775720489028,47.15019840314116,47.15019840314116,1.4470243089634336,1.2,36.0,50.781717381163396
8.0,BAT,Glenn Phillips,GT,48.23795210677199,"[30.422768726963398, 47.75994007967879, 40.86725507712109, 80.97775897570857, 41.1620376743881]",39.134313068536486,42.09089225181529,0.4827935143171797,39.134313068536486,39.134313068536486,5.469635679087916,1.2,36.0,46.72388946844936
9.0,BOWL,Rashid-Khan,GT,53.479030101366014,"[43.81481903112589, 43.96168605963408, 53.51315453614953, 66.5831232505364, 59.52236762938418]",51.61645661482426,48.73366360214382,0.3652349610045592,51.616456614824266,51.616456614824266,5.403653438741888,1.2,40.5,58.00660081093934
7.5,BOWL,Prasidh Krishna,GT,29.18764784661608,"[58.52258254548846, 16.37857350462862, 34.75978563051743, 14.277210878418575, 22.00008667402732]",35.57266035270052,38.12070536512388,0.41738708034999494,35.57266035270052,35.57266035270052,-7.514635436913239,1.2,33.75,37.695705299169454
6.5,BOWL,Jayant Yadav,GT,38.08644777490328,"[46.8178725542405, 43.35309768018984, 18.047962545711723, 25.32477352947808, 56.88853256489626]",36.78604297277454,38.90350684151959,0.32313399233543894,36.78604297277454,36.78604297277454,0.2112995870599709,1.2,29.25,40.332400343195026
7.0,AR,Rahul Tewatia,GT,35.910912558762035,"[65.80325101145726, 52.54578052915891, 21.48284300633582, 23.13752108503417, 16.585167161823996]",36.8670693334796,47.18355018691647,0.4886601354504819,36.8670693334796,36.8670693334796,-12.784442714339136,1.2,31.5,34.11770982454486
8.5,BOWL,Kagiso Rabada,GT,49.85349495240769,"[46.830789312966274, 48.424897357144005, 44.45426013577925, 19.44722200257194, 90.11030595357695]",46.72588732520142,47.1571189281533,0.3602877091359127,46.72588732520142,46.72588732520142,5.75813579266492,1.2,38.25,54.84477758887114
9.0,WK,Jos Buttler,GT,54.88491514905606,"[60.02947641149928, 56.39688643940084, 44.60504582901423, 57.90454025513672, 55.488626810229206]",54.61698507752818,56.32917077492318,0.28734393385009505,54.61698507752817,54.61698507752817,-0.7574045386804269,1.2,40.5,53.74965378603175
7.5,BOWL,Ishant Sharma,GT,44.37317616839048,"[26.439859520724934, 58.92324730125783, 58.441130562951486, 21.13665863559136, 56.9249848214268]",41.07012498367735,41.82358138683613,0.4520376721082418,41.07012498367735,41.07012498367735,2.318366193573719,1.2,33.75,46.6396997487334
8.0,BOWL,Harshit Rana,KKR,42.07159416066282,"[49.206167114171926, 33.45051012254336, 59.4066624875005, 41.988874110688215, 26.305756968410098]",44.89406056537686,43.56079433861117,0.3588880423152416,44.894060565376854,44.894060565376854,-3.726245630337882,1.2,36.0,45.88428511863762
6.5,BAT,Angkrish Raghuvanshi,KKR,23.907064511426494,"[3.4380393643384246, 22.44123279202098, 24.68497521598801, 19.24150587902351, 49.72956930576154]",31.672377830839313,16.754122691741316,0.4382897501470354,31.67237783083932,31.67237783083932,8.938333296984876,1.2,29.25,36.43570277346063
6.5,BOWL,Vaibhav Arora,KKR,41.00404853845421,"[32.96909653763032, 24.404913992101207, 45.04673611953128, 34.55681290722754, 68.04268313578068]",33.63709969928783,34.46319070410999,0.3684125173599245,33.637099699287845,33.637099699287845,8.029907211142701,1.2,29.25,43.174054405785874
5.5,WK,Luvnith Sisodia,KKR,20.804158833521562,"[26.84150776330073, 10.870876062525204, 10.689552887541868, 24.43485343826505, 31.184004015974946]",25.166898940902552,20.473746308718848,0.3385799663376826,25.16689894090255,25.16689894090255,2.224896988108827,1.2,24.75,28.648706989228586
6.0,BOWL,Mayank Markande,KKR,24.705219667637614,"[10.731558939942197, 30.101471910635937, 42.82830471323929, 20.5065555933427, 19.358207181027943]",29.300436666331795,22.893098357201914,0.4320522456330638,29.300436666331795,29.300436666331795,0.765838016487822,1.2,27.0,32.80061606045193
6.0,BOWL,Chetan Sakariya,KKR,28.862664452402775,"[35.35272011310752, 23.910816734453302, 37.83421307158467, 32.43128811093361, 14.784284231934777]",31.1698225400611,31.164862770723964,0.3160553134929537,31.169822540061094,31.169822540061094,-3.2616400385865236,1.2,27.0,32.93794159207058
7.5,WK,Rahmanullah Gurbaz,KKR,33.72336365821557,"[25.676999041026388, 42.925554248885405, 40.246151665814246, 35.47112060083807, 24.2969927345137]",35.08443988256229,33.69662235583834,0.38405824626976814,35.08443988256229,35.08443988256229,-1.021444626107274,1.2,33.75,38.249654554505526
6.5,BOWL,Spencer Johnson,KKR,28.88668551107215,"[12.694724029364936, 44.56883456118329, 36.03636543202929, 30.248827199733967, 20.884676333049285]",29.025539317694022,26.974563047497195,0.36012741505252494,29.02553931769403,29.02553931769403,0.2059897245919361,1.2,29.25,34.82645980715046
9.0,BOWL,Varun Chakravarthy,KKR,66.99863760273682,"[33.47585159080249, 90.16430045589104, 86.73379887326429, 52.66008289344907, 71.95915420027724]",55.356951811067226,59.6546984132768,0.33203929853572456,55.356951811067226,55.356951811067226,3.9462387656507527,1.2,40.5,61.04747380721088
8.0,BOWL,Anrich Nortje,KKR,41.53173984482032,"[39.8965001545409, 24.550277114610765, 37.82546746182867, 49.24051842545416, 56.14593606766714]",42.99498954705788,37.74872704562373,0.29129840644607674,42.99498954705787,42.99498954705787,5.718911313709583,1.2,36.0,49.80891043189038
6.0,AR,Anukul Sudhakar Roy,KKR,32.39714279812551,"[42.06822191337617, 42.18727114971923, 27.14558970561315, 36.18998411733454, 14.394647104584468]",36.554493778228945,38.28487496004016,0.4827051150431853,36.554493778228945,36.554493778228945,-6.134443664996814,1.2,27.0,33.16416270375344
7.5,AR,Ramandeep Singh,KKR,46.365104185201425,"[57.95216542506961, 55.3007255503852, 59.49763349597456, 50.990444856334, 8.084551598243769]",41.35290520738363,53.07533277184645,0.5562639075851709,41.35290520738363,41.35290520738363,-10.404550834770301,1.2,33.75,39.738489240495
7.0,BAT,Rovman Powell,KKR,30.524836035725816,"[30.538867516770587, 46.668846651837896, 49.846854241966696, 20.932748334491222, 4.636863433562691]",30.647988111609525,34.62873149785937,0.5613142787053124,30.647988111609532,30.647988111609532,-7.754010648376255,1.2,31.5,31.752885603943355
7.5,BAT,Rinku Singh,KKR,54.24916564075843,"[76.17252511709742, 49.582152582264186, 35.94872415925891, 55.453548586718505, 54.08887775845311]",43.95353279068795,58.46816634210626,0.27751659636348824,43.953532790687944,43.953532790687944,-3.829589871283439,1.2,33.75,45.170665836541815
8.0,BAT,Venkatesh Iyer,KKR,47.170659578279825,"[44.48997644169658, 38.45467886039384, 32.865699867009056, 64.4528697546961, 55.59007296760355]",45.61428965310237,43.724381546253355,0.27821435610397965,45.61428965310237,45.61428965310237,4.819838394611614,1.2,36.0,48.67004150379848
7.0,AR,Moeen Ali,KKR,22.061453977672485,"[25.37072296476135, 22.833485286880027, 29.773107175344656, 11.056413679147632, 21.27354078222878]",28.71714312495651,24.626663819813785,0.5496183811947908,28.71714312495651,28.71714312495651,-1.9971435972797567,1.2,31.5,32.71066493731252
8.0,WK,Quinton de Kock,KKR,52.65162638433965,"[47.15029162892538, 67.57863745577178, 56.67264015114648, 23.279564341633307, 68.57699834422124]",42.891669538029774,52.31910201630125,0.3426446087358782,42.89166953802977,42.89166953802977,-0.14456596835467672,1.2,36.0,46.93734576430842
8.5,AR,Andre Russell,KKR,36.67465710798772,"[24.59480953082956, 54.266947924616034, 61.29871886672937, 13.024223900476269, 30.188585317287377]",46.48856284144845,36.16854626949285,0.5602861687280599,46.48856284144845,46.48856284144845,-3.005517245122418,1.2,38.25,44.43031525418996
9.0,AR,Sunil Narine,KKR,57.827581234896876,"[114.9120541737166, 12.76206994596287, 46.4939847545449, 53.793227732316346, 61.17656956794367]",48.441008835353564,66.62062264394083,0.5060553548969307,48.44100883535357,48.44100883535357,-6.643981142519247,1.2,40.5,51.597386350634935
7.0,BAT,Manish Pandey,KKR,43.33955643598143,"[47.60909379690756, 49.38235038718507, 27.37721764656505, 40.25984714931837, 52.06927319993108]",43.17731137823868,44.62319116012196,0.356800726314366,43.17731137823868,43.17731137823868,-0.020214443181968196,1.2,31.5,42.55063062599169
7.5,BAT,Ajinkya Rahane,KKR,44.39348463212976,"[45.452722475646354, 42.01896833146379, 40.21652959919193, 55.49163091103519, 38.78757184331155]",41.411606836902244,44.387699236329716,0.39445934735125415,41.41160683690224,41.41160683690224,0.01423613149017696,1.2,33.75,43.335071546683906
6.0,BOWL,Umran Malik,KKR,27.535841776943727,"[9.29511589842534, 36.83501951774683, 40.465539350986816, 12.568359487427283, 38.51517463013237]",28.521126230031072,23.832708701190136,0.40287708512400716,28.521126230031072,28.521126230031072,3.4173457433094487,1.2,27.0,34.47819112747746
5.0,BOWL,Digvesh Singh,LSG,24.34638166344006,"[17.456474386814474, 50.60494283738776, 15.766250105469224, 13.633032043021732, 24.271208944507105]",24.32005816715295,25.6865545743868,0.34152659020439746,24.320058167152943,24.320058167152943,-2.3342441678980794,1.2,22.5,27.093858690095466
5.5,BOWL,Prince Yadav,LSG,22.725790373637146,"[14.284281375492553, 17.416835917677226, 36.23695737381355, 10.609385715359336, 35.08149148584307]",25.83743401317648,19.490264814752038,0.4384194273195517,25.83743401317648,25.83743401317648,3.478697001838313,1.2,24.75,31.128078678232207
6.5,BOWL,Shamar Joseph,LSG,38.60244764120499,"[45.89765912803981, 40.24617206608546, 19.077370338340756, 31.387723447703856, 56.40331322585504]",31.592466708240284,38.21744172812605,0.372121849658701,31.59246670824028,31.59246670824028,1.2152859577248782,1.2,29.25,39.1448434579687
7.5,BOWL,Mayank Yadav,LSG,51.707495424317166,"[52.51717298449096, 58.96545672634932, 56.97342707775101, 35.96700867769848, 54.11441165529606]",42.613031200766635,51.820574731889224,0.343660297307027,42.613031200766635,42.613031200766635,-1.98039707070407,1.2,33.75,46.939565596668615
6.0,AR,Arshin Kulkarni,LSG,28.68566178052771,"[25.12425033822901, 21.597623059262517, 35.25840098618826, 49.33355628585602, 12.114478233102757]",26.37470445760479,27.443965318394554,0.4512888371168801,26.37470445760479,26.37470445760479,0.17163890163409873,1.2,27.0,31.263975549996736
7.0,BOWL,Akash Deep,LSG,39.688221180370235,"[24.94693970532205, 53.761176592305766, 51.11384726690425, 46.43349500756495, 22.18564732975416]",37.887219838952014,38.52091574107827,0.4047456073339757,37.887219838952014,37.887219838952014,-1.285026633587662,1.2,31.5,41.0645799343553
6.0,BOWL,Akash Singh,LSG,27.583093268772622,"[19.02778880207262, 42.73153433035412, 13.085667929279296, 38.71373997508668, 24.35673530707037]",33.189109905535574,26.990359604090777,0.3938329268212847,33.189109905535574,33.189109905535574,0.6640098654728025,1.2,27.0,35.01479470768171
5.0,AR,Yuvraj Chaudhary,LSG,20.994625384952332,"[23.11920936459628, 21.498880692383203, 10.614337041316926, 23.284627096078985, 26.45607273038627]",23.268063260624555,21.51979476262806,0.5047805210078756,23.268063260624555,23.268063260624555,0.8459473135275755,1.2,22.5,26.54502918097467
8.0,BOWL,Ravi Bishnoi,LSG,41.575399867938486,"[49.82955982066224, 45.19753001386211, 38.69846510786522, 48.7113993621439, 25.440045035158967]",50.81634821096796,46.45959788911742,0.3386858922035932,50.81634821096796,50.81634821096796,-4.5265160222724825,1.2,36.0,47.99605624391398
6.5,BAT,Abdul Samad,LSG,28.129405507050944,"[15.75591755781943, 15.227739859721424, 48.589823236902326, 28.59965303139245, 32.47389384941908]",34.231879383351604,22.802355916376072,0.5452434812087679,34.23187938335161,34.23187938335161,4.680786575487031,1.2,29.25,36.10060118022796
7.0,AR,Shahbaz Ahmed,LSG,27.86441254792801,"[47.9012645923709, 34.697954057104, 7.914745019887075, 9.793012131254828, 39.015086939023256]",28.10999077382057,34.10703795391919,0.5500002330357895,28.109990773820567,28.109990773820567,-4.267729723254448,1.2,31.5,33.45241923474112
5.5,BOWL,Rajvardhan Hangargekar,LSG,32.09719185066687,"[11.959554819632729, 27.7223811188284, 35.7788879670844, 36.91440457245453, 48.11073077533427]",25.542390609023208,24.077179105951533,0.4251264434715504,25.542390609023208,25.542390609023208,8.14943753650292,1.2,24.75,35.171756851439305
7.0,BAT,Ayush Badoni,LSG,47.30019344473446,"[40.66548073726755, 48.5825180047683, 40.2492118190055, 77.07699086727774, 29.9267657953532]",39.398703291535575,44.18273086804333,0.40420960441110176,39.398703291535575,39.398703291535575,0.7017042978680682,1.2,31.5,41.74448897451191
5.5,WK,Aryan Juyal,LSG,22.483289339590414,"[32.69822695923654, 15.519767582384146, 23.834418137586376, 17.62735719308801, 22.73667682565699]",26.016697472361663,25.082754516947436,0.30625362360440406,26.01669747236167,26.01669747236167,-1.7815510656455285,1.2,24.75,27.605939686388567
7.0,BOWL,Mohsin Khan,LSG,30.78458262787161,"[25.35116210707733, 18.02191317349305, 18.790095376849603, 38.85009573444046, 52.909646747497625]",32.54660891940053,26.319587587077535,0.3605299472449484,32.54660891940053,32.54660891940053,7.594515184178797,1.2,31.5,41.909636375659616
6.5,BAT,Matthew Breetzke,LSG,26.737180552609924,"[30.523312620007356, 24.17620401322714, 18.439056845034862, 33.56951234861634, 26.977816936163915]",30.642550604216527,27.142186394737497,0.48615871097752333,30.642550604216535,30.642550604216535,0.2302316967702307,1.2,29.25,33.3950289340641
6.0,BOWL,Manimaran Siddharth,LSG,36.475267475543454,"[31.524571886100595, 37.11668956569284, 33.05703379668768, 22.993664088193693, 57.684378041042464]",34.52454801991416,34.07854805547101,0.35441313106706795,34.52454801991416,34.52454801991416,3.8196586832384556,1.2,27.0,39.24969181818418
9.0,WK,Rishabh Pant,LSG,50.56473472470691,"[46.97029933658087, 44.485018106249264, 54.60358516950377, 67.7437007623202, 39.021070248880434]",48.17993541186509,47.99346901679523,0.3190547469667876,48.17993541186509,48.17993541186509,0.7360224480670016,1.2,40.5,50.71402665643059
5.5,BAT,Himmat Singh,LSG,30.305099143756298,"[13.916580718020237, 34.85575367648188, 33.73046487348906, 21.84466498717237, 47.17803146361794]",25.314577319730013,25.589272415607127,0.4396769728084909,25.314577319730006,25.314577319730006,5.351181280188588,1.2,24.75,31.79650734377787
8.0,AR,Aiden Markram,LSG,48.20190147679507,"[76.90787405803839, 25.371141294209515, 42.985888960676135, 70.54559963997934, 25.19900343107196]",40.221623889217724,53.29470893757743,0.4850933953518151,40.221623889217724,40.221623889217724,-5.824328290816313,1.2,36.0,43.607059642353526
8.0,BOWL,Avesh Khan,LSG,47.39625007491921,"[42.88164855912066, 56.44995796318457, 29.19899962272694, 48.22991049291977, 60.220733736644085]",49.43739422369806,44.990501075644225,0.3495224564980705,49.43739422369806,49.43739422369806,2.6458122884782065,1.2,36.0,51.74541145225201
8.5,WK,Nicholas Pooran,LSG,55.832675368828845,"[65.34648585846745, 56.84881994412273, 62.375327004981486, 74.90682492117739, 19.68591911539515]",48.94159623646821,59.89691805947066,0.3583719697841517,48.94159623646822,48.94159623646822,-7.326312850908997,1.2,38.25,47.61195149466803
8.0,BAT,David Miller,LSG,44.368540957922384,"[36.28619329551975, 69.01087603447833, 24.54983566796105, 50.43232912820716, 41.56347066344562]",40.521175223928644,43.930906389505694,0.46294016493643964,40.521175223928644,40.521175223928644,-0.8023992170419468,1.2,36.0,43.81833057043479
8.0,BAT,Mitchell Marsh,LSG,33.3519468448135,"[45.99188702403087, 20.09100225643113, 22.517721212496127, 70.63352954162382, 7.525594189485571]",46.043914242994916,36.36599990930031,0.48583615073456893,46.043914242994916,46.043914242994916,-2.639005838389792,1.2,36.0,42.55761074809667
6.0,BAT,Bevon Jacobs,MI,25.918257591049855,"[4.09028170320591, 30.04966973868912, 19.545653657019752, 35.61479607551556, 40.290886780818944]",25.113153889249432,18.889649263242468,0.494862294419067,25.11315388924943,25.11315388924943,7.79663364920525,1.2,27.0,32.94544217947617
6.5,AR,Naman Dhir,MI,42.84535392410246,"[24.614541296039526, 42.857907892498375, 35.48596152408443, 61.05192720702162, 50.21643170086836]",38.11834473897388,35.572859140180974,0.3135149847515684,38.11834473897388,38.11834473897388,6.939780012418091,1.2,29.25,42.31216048712826
5.5,WK,Robin Minz,MI,31.68639139462046,"[51.98616135594759, 37.59921071668336, 29.61727481023037, 21.49625611045489, 17.73305397978608]",26.356275605885337,38.38822608178376,0.3518214717704848,26.356275605885337,26.356275605885337,-8.460916935855156,1.2,24.75,26.893506779880614
5.5,BAT,Raj Angad Bawa,MI,24.10440277103899,"[26.767681098207085, 5.938546010754466, 31.464241035233314, 20.509387651668792, 35.84215805933129]",28.95118381341589,22.39436608210847,0.43914222720162016,28.95118381341589,28.95118381341589,3.2719795563162717,1.2,24.75,30.873190737520563
5.0,BOWL,Vignesh Puthur,MI,23.187023849889293,"[22.311947866723735, 20.42153051710432, 22.79680088501265, 31.493216115096345, 18.911623865509423]",23.931844452319076,22.50102538731289,0.3916310839920935,23.931844452319076,23.931844452319076,0.42710375955633917,1.2,22.5,27.916225385447696
5.5,AR,Satyanarayana Raju,MI,36.78020465962673,"[37.12770737893157, 15.112109345417586, 20.9242459576114, 43.05882020552173, 67.67814041065137]",31.56753061945049,31.766964132563366,0.5189920348359245,31.567530619450498,31.567530619450498,8.904757692354375,1.2,24.75,37.846492970958934
5.5,BOWL,Ashwani Kumar,MI,34.26474363282682,"[49.29997273271496, 13.519817842592218, 25.012433068568097, 43.4022807797026, 40.08921374055623]",27.27790167103658,34.76177390140957,0.40074067436244803,27.27790167103658,27.27790167103658,1.1460944952792895,1.2,24.75,33.98768411090586
8.0,BAT,Tilak Varma,MI,37.226706310545495,"[28.80659432588016, 50.66598315347264, 61.78723267021108, 7.151244602440001, 37.722476800723626]",44.49612428470468,38.08224032506699,0.3293234420938862,44.49612428470467,44.49612428470467,-2.568297360134573,1.2,36.0,42.54759654734673
6.0,WK,KL Shrijith,MI,24.656648811428404,"[43.974555112482086, 33.19701565269374, 15.784532567395, 9.677949611042836, 20.649191113528342]",27.757217488434534,32.140571637380454,0.3178234070937507,27.757217488434534,27.757217488434534,-7.016979403955844,1.2,27.0,28.030714797128162
7.0,BOWL,Mujeeb-ur-Rahman,MI,31.628005782022637,"[34.65600180157594, 23.834788178649863, 24.687141722557627, 34.522444711785646, 40.43965249554413]",33.35750125843962,30.729270999518345,0.4247662117476243,33.35750125843962,33.35750125843962,2.225495792107215,1.2,31.5,39.87462726624146
7.5,WK,Ryan Rickelton,MI,35.062009935289396,"[25.44034050763231, 35.95197060784206, 19.62428684128114, 55.60649696554526, 38.68695475414622]",37.73805733891217,30.891600490733854,0.35048655128608663,37.738057338912164,37.738057338912164,4.6147754850731,1.2,33.75,41.75426661049363
5.0,BOWL,Arjun Tendulkar,MI,19.53313573196485,"[12.64226381414804, 23.232055605495997, 13.56195280601009, 15.861005195871908, 32.36840123829822]",22.02357389870978,17.42043249064906,0.4997222482412481,22.023573898709778,22.023573898709778,3.2081224438676252,1.2,22.5,27.78562039971064
7.5,AR,Will Jacks,MI,31.870121844916007,"[54.894109702537314, 21.23038770659185, 34.67098285405528, 41.10465431773525, 7.450474643660334]",44.18803496182016,39.524508293651245,0.5278808114946638,44.18803496182016,44.18803496182016,-7.501300350661061,1.2,33.75,39.068884952655104
9.0,AR,Hardik Pandya,MI,52.4957034942415,"[64.2358188709288, 50.6461601111881, 22.279801628262017, 49.897073344851975, 75.4196635159766]",53.06432749566701,53.31635346805996,0.3998374838802126,53.06432749566702,53.06432749566702,2.1618602523759414,1.2,40.5,55.12702432094697
7.5,AR,Mitchell Santner,MI,47.51811720601313,"[71.90754965526656, 19.496763848415924, 65.7616108639067, 35.15229058763521, 45.27237107484126]",38.8368885885732,50.58042361829566,0.37278077903207213,38.83688858857321,38.83688858857321,-3.7614830421631376,1.2,33.75,42.410230595960016
6.5,BOWL,Reece Topley,MI,30.19269686538926,"[25.61996635098944, 27.016636005430207, 38.85127756499238, 9.056959240572487, 50.41864516496179]",38.48819871028087,28.69996248034434,0.38822435971674657,38.48819871028087,38.48819871028087,3.163768086308696,1.2,29.25,40.155674147761246
6.0,AR,Corbin Bosch,MI,34.87135991506631,"[28.835700864270837, 41.40466035777923, 38.04766904309511, 5.22570617627613, 60.84306313391023]",31.861665323005457,33.10735426003356,0.4380073475749579,31.861665323005465,31.861665323005465,2.7835770357775664,1.2,27.0,35.905027003387886
9.0,BOWL,Jasprit Bumrah,MI,54.909784377778486,"[71.24761133311348, 70.0784549313056, 37.8071783876042, 35.758496842525304, 59.6571803943439]",50.62117704590893,60.49745343446557,0.3703546372876431,50.62117704590893,50.62117704590893,-5.750081996631952,1.2,40.5,53.58903430446916
8.5,BOWL,Trent Boult,MI,44.393900446641084,"[69.25547837390363, 40.2567330811624, 46.54149103731134, 35.213039317300925, 30.702760423527117]",43.2310917349453,52.66096301451707,0.44167672245124173,43.23109173494531,43.23109173494531,-8.214912966461458,1.2,38.25,46.24675151593626
9.0,BAT,Suryakumar Yadav,MI,46.96210780483541,"[64.3166845841471, 53.56884528694483, 50.97580934122426, 55.75128908289181, 10.197910728969052]",44.5085827330429,55.708246195659164,0.39777985320691883,44.50858273304289,44.50858273304289,-10.605510391440923,1.2,40.5,44.65924767200651
8.0,BOWL,Deepak Chahar,MI,52.35271770195216,"[58.78536757337031, 57.832627348308975, 56.588248702441305, 24.4400120347896, 64.1173328508506]",45.13688141122363,54.685409351436206,0.31320325405438176,45.13688141122362,45.13688141122362,-2.272868475855881,1.2,36.0,49.71595207713014
6.5,BOWL,Karn Sharma,MI,25.871688937356424,"[32.09696172326817, 19.07154870389228, 32.369351265829486, 18.641394723745886, 27.179188270046296]",26.88416908567776,26.621503750329502,0.3472655727236573,26.88416908567776,26.88416908567776,-1.0265700886590152,1.2,29.25,33.27177774694223
9.0,BAT,Rohit Sharma,MI,49.83582155298383,"[45.69987354001644, 88.72516500415217, 40.26521876794879, 66.0425669821729, 8.446283470628831]",47.761049485206854,55.091537842444524,0.4883315198333031,47.76104948520685,47.76104948520685,-9.718977816075457,1.2,40.5,46.01889723810346
6.0,AR,Musheer Khan,PBKS,23.31243229096701,"[30.5027631677484, 21.44232474861869, 24.540419661226505, 20.24798257765476, 19.8286712995867]",29.273842361218897,26.607751340058847,0.5069135406139601,29.273842361218897,29.273842361218897,-2.254252590728736,1.2,27.0,30.465693397675693
5.0,BAT,Harnoor Singh Pannu,PBKS,25.568557905900143,"[30.67494960961481, 20.72198000327931, 26.421779846173244, 20.26461462640176, 29.759465444031605]",25.412891606850355,25.762272450883263,0.4386635985582442,25.412891606850355,25.412891606850355,-0.22883337080440108,1.2,22.5,27.169512847784446
5.5,BAT,Pyla Avinash,PBKS,28.41802522447542,"[35.66964559005544, 27.94726685415765, 29.659222419324443, 10.621514533864122, 38.19247672497548]",28.303488832150265,30.235887230532867,0.30645938321427935,28.303488832150265,28.303488832150265,-1.2280090050453494,1.2,24.75,29.860854181945754
5.5,AR,Suryansh Shedge,PBKS,22.731353889158715,"[17.69719442273783, 7.8503181856242, 36.985561864012745, 28.012620247714683, 23.11107472570411]",20.643654921443176,19.192788457147774,0.530098556662705,20.643654921443176,20.643654921443176,3.0990062668023026,1.2,24.75,27.92140100822326
6.5,BOWL,Harpreet Brar,PBKS,30.562453099122457,"[18.261658547279342, 20.42307432027105, 45.39797384956196, 33.50431104762864, 35.22524773087126]",30.357245881048254,26.108577139192192,0.3480799800828422,30.357245881048254,30.357245881048254,4.700841509454142,1.2,29.25,37.88836141439668
6.5,BAT,Priyansh Arya,PBKS,36.19272794957779,"[52.30969560028472, 22.34092718924841, 32.295063230908085, 66.25862683819149, 7.759326889256204]",35.51833507918466,39.80429339087128,0.3919422280155774,35.51833507918466,35.51833507918466,-4.518303777311398,1.2,29.25,35.047548671177665
6.0,BOWL,Kuldeep Sen,PBKS,27.82892713794002,"[35.27706640688825, 33.205773789543215, 21.33164159478063, 30.506430651253908, 18.82372324723408]",29.555825198309957,30.83104922230269,0.3969451982506711,29.555825198309957,29.555825198309957,-3.5606029457597645,1.2,27.0,32.14962786171316
8.0,AR,Marco Jansen,PBKS,51.19737919489433,"[33.94506565359378, 55.24674209146028, 49.55304353365735, 93.30401711036272, 23.938027585397517]",49.02007306709224,47.76515269546317,0.35247135908288224,49.02007306709224,49.02007306709224,1.80431988825099,1.2,36.0,49.58503425748927
7.5,BAT,Nehal Wadhera,PBKS,41.61871547459647,"[66.80251668001132, 28.7872783195321, 53.20600520580973, 23.258735694511827, 36.039041473117415]",39.49535548341008,47.84283562831946,0.4355815844966375,39.495355483410094,39.495355483410094,-6.705549303880815,1.2,33.75,39.55755761349121
7.5,WK,Prabhsimran Singh,PBKS,45.13999703757212,"[72.39489496267328, 57.18511930105002, 46.83354361781213, 24.525039724398457, 24.761387581926755]",43.36830765486784,56.36726138444513,0.31756854394176776,43.36830765486784,43.36830765486784,-12.79270943381447,1.2,33.75,39.1130093684385
7.0,AR,Aaron Hardie,PBKS,41.16003093849032,"[56.7783575774817, 23.43595183296579, 43.77225882932012, 28.533829416140257, 53.27975703654373]",37.171159780796806,44.024006825106014,0.4417359169834228,37.17115978079681,37.17115978079681,-0.1899323498701528,1.2,31.5,41.11069741477754
8.5,BOWL,Arshdeep Singh,PBKS,48.25720506913075,"[48.53795797355752, 30.009207691455124, 88.62622962917222, 29.158234033219117, 44.95439601824977]",49.970851718880354,48.56906572200107,0.39866953741790323,49.97085171888037,49.97085171888037,-0.801809756885153,1.2,38.25,52.063750160902075
7.5,AR,Azmatullah Omarzai,PBKS,46.071403046694996,"[78.59300739740219, 8.867765948655165, 73.85199351415594, 27.95893080806983, 41.085317565191865]",48.97064082688771,53.27197015920358,0.4544472292560862,48.97064082688771,48.97064082688771,-5.592421480500604,1.2,33.75,45.03657738094444
6.5,WK,Vishnu Vinod,PBKS,30.422351045554432,"[22.085754461994565, 20.480872722230338, 46.2128988754725, 27.411535898853877, 35.920693269220905]",30.270242606513644,26.560287598637654,0.37999314359248154,30.27024260651365,30.27024260651365,3.4600540791076195,1.2,29.25,35.0815742530917
6.5,BOWL,Xavier Bartlett,PBKS,32.525342533152134,"[19.859658072017226, 14.130717129442056, 37.6341957765084, 50.92071962644184, 40.08142206135115]",35.294455842569256,26.39559679449046,0.35360848666270944,35.29445584256925,35.29445584256925,7.72335304756676,1.2,29.25,41.45372932070785
7.5,BAT,Shashank Singh,PBKS,39.339007326629044,"[39.9446031447119, 28.469070909208742, 27.91293281645366, 45.23866918395892, 55.12976057881197]",40.66710362791752,38.00525349007448,0.4875808387318459,40.66710362791753,40.66710362791753,4.713991314295029,1.2,33.75,44.39978671457015
7.5,BOWL,Lockie Ferguson,PBKS,48.5161074366558,"[12.752348197898126, 73.77146730226755, 42.699490562755166, 70.9516386461181, 42.40559247424008]",40.83878940824417,40.170238734089274,0.4150218014229515,40.83878940824417,40.83878940824417,5.6486659896534395,1.2,33.75,48.26359533519354
7.5,WK,Josh Inglis,PBKS,40.93195541607659,"[35.17588515360996, 30.1379902072802, 51.96640164705148, 57.331267258941615, 30.04823281349971]",41.645577036333094,39.36232526786243,0.2996352454818646,41.645577036333094,41.645577036333094,1.6937972371440875,1.2,33.75,43.206909517473356
7.0,BOWL,Vyshak Vijaykumar,PBKS,35.08950843537538,"[43.24166243056144, 26.987169952219148, 33.3837231136861, 21.50468672622999, 50.33029995418021]",34.248798438855566,35.71081554596496,0.4607479346084938,34.248798438855566,34.248798438855566,0.8694791821248316,1.2,31.5,40.56293813828095
6.0,BOWL,Pravin Dubey,PBKS,22.935892034018444,"[36.96049897337172, 23.401856932174415, 9.32657991241415, 8.182202735908481, 36.808321616223466]",26.57525787245763,26.458618042207483,0.3689399176835508,26.57525787245763,26.57525787245763,-1.5524008910562472,1.2,27.0,31.366677466667337
6.5,BOWL,Yash Thakur,PBKS,41.13496267687215,"[32.9904038773193, 46.45260999292189, 68.77013512810285, 33.65424255467326, 23.807421831343422]",40.55439585073706,42.2619452746688,0.32715066303451007,40.55439585073705,40.55439585073705,-3.1164331530200444,1.2,29.25,40.26868527308938
8.5,BAT,Shreyas Iyer,PBKS,40.85946786844608,"[27.33010913882684, 64.96192433323176, 22.47950246662022, 54.159563849067176, 35.366239554484395]",47.33482380706438,40.92462026555776,0.4065798113330398,47.33482380706438,47.33482380706438,0.5269900347150487,1.2,38.25,47.28855002668221
8.0,AR,Marcus Stoinis,PBKS,46.2067427340118,"[28.67751978889231, 37.76861892852983, 27.359593173262745, 105.22679597265936, 32.001185806714744]",39.78551455990362,38.9335590756814,0.48975391081524594,39.78551455990361,39.78551455990361,7.410550907977439,1.2,36.0,48.0359296772849
8.5,BOWL,Yuzvendra Chahal,PBKS,49.28088040509849,"[29.126144166510205, 68.22294383466046, 37.41575669188058, 76.71434328882131, 34.92521404361992]",52.245727989023784,46.4552549233399,0.4033561667310074,52.245727989023784,52.245727989023784,2.008953920838025,1.2,38.25,54.03705304666022
8.5,AR,Glenn Maxwell,PBKS,54.686824731366094,"[74.59055200312709, 45.81905908495556, 60.509661660587504, 48.08420462561569, 44.43064628254466]",56.28316599255469,60.39146755811653,0.3500980002242471,56.283165992554714,56.283165992554714,-5.805466590050488,1.2,38.25,51.60830638854936
5.0,BOWL,Abhinandan Singh,RCB,20.899153859456778,"[35.26591849788515, 16.40563081697995, 16.37859918345478, 25.49085302583845, 10.95476777312556]",22.30444317784707,24.567965596242182,0.35994071971395447,22.30444317784707,22.30444317784707,-3.9537079240660726,1.2,22.5,25.138345138533357
5.5,BAT,Swastik Chikara,RCB,22.93169913399803,"[20.451042912478176, 35.17221266454052, 16.892608024036946, 39.46091225157227, 2.681719817362256]",26.28365189629581,24.393463438828984,0.4589449569456936,26.28365189629582,26.28365189629582,-3.1249946603200107,1.2,24.75,26.714529998015696
6.0,AR,Mohit Rathee,RCB,28.913953420347873,"[18.72442246215973, 15.540626516572702, 63.66435175095364, 25.40884800196167, 21.23151837009161]",30.110526210936804,26.19826304989669,0.5051901335100348,30.110526210936804,30.110526210936804,1.4882413301252706,1.2,27.0,32.89989108023138
6.0,BOWL,Suyash Sharma,RCB,24.053086816479343,"[22.12488489893441, 22.028116645613107, 17.36974287724922, 33.24415881581476, 25.49853084478521]",26.755986042865644,23.81273146162812,0.3641748111129199,26.755986042865644,26.755986042865644,1.7963334061903231,1.2,27.0,32.880830491806506
7.0,BAT,Jacob Bethell,RCB,25.506602720253433,"[19.297950744195195, 27.50793947145399, 37.208478703898805, 35.66209462451472, 7.856550057204456]",33.05131479649044,24.805339433158757,0.528458527663016,33.05131479649044,33.05131479649044,-1.4728646220920731,1.2,31.5,33.88495712964999
6.5,BOWL,Rasikh Salam,RCB,25.391736951238823,"[20.48556260395789, 30.05927142170752, 20.148578379290925, 19.57507657433739, 36.69019577690039]",29.883324588341043,23.97637776560236,0.41653125705923366,29.883324588341047,29.883324588341047,2.1925071498514845,1.2,29.25,35.599922269967244
7.0,BOWL,Yash Dayal,RCB,30.836013028753314,"[21.010511984109783, 21.43918272145456, 37.55970087301821, 37.45266257277806, 36.71800699240597]",35.8523869752642,26.331490022723386,0.393835418237959,35.8523869752642,35.8523869752642,4.742846986791585,1.2,31.5,41.15024080351429
6.5,AR,Manoj Bhandage,RCB,42.09258413116312,"[38.647720231813146, 27.124021009811244, 40.31865521094716, 48.41860331423949, 55.95392088900455]",32.35671584776467,36.69039191980739,0.4269160296578544,32.35671584776467,32.35671584776467,5.590698361881101,1.2,29.25,40.00838474969502
7.5,BOWL,Nuwan Thushara,RCB,41.31002166172292,"[52.38461182658848, 25.0629507718533, 55.45488091287515, 27.22625011891097, 46.42141467838669]",38.20515869923463,42.6414307948806,0.3165901425460494,38.20515869923462,38.20515869923462,-0.9763094949345948,1.2,33.75,43.841287621795836
7.0,AR,Romario Shepherd,RCB,43.27390151683021,"[21.988610087174557, 53.41472617100799, 53.5095549933876, 59.69209527810691, 27.764521054473988]",38.19532395066603,38.236531793509805,0.45267936129446057,38.19532395066603,38.19532395066603,1.7829191041697752,1.2,31.5,41.21419302231619
7.5,BAT,Tim David,RCB,48.483861315255886,"[24.29821317930393, 47.751846656464494, 41.09377839222935, 85.20989710883347, 44.06557123944819]",42.493204051311665,40.852287516702354,0.33641965666468904,42.49320405131168,42.49320405131168,7.699276657265748,1.2,33.75,47.42207621376151
7.0,BAT,Devdutt Padikkal,RCB,36.03606103513256,"[22.024175873054773, 59.245115104538186, 49.35637469138002, 7.492403797961268, 42.06223570872858]",34.853466538983064,35.37089828112188,0.48396984504488166,34.853466538983064,34.853466538983064,-1.1676591635229312,1.2,31.5,37.14446005105041
7.5,AR,Krunal Pandya,RCB,31.36399709094247,"[25.92945116813339, 11.776525394818917, 37.62554523149566, 30.206722067569245, 51.281741592695134]",39.901775923572494,26.540921942831467,0.43165683530728677,39.901775923572494,39.901775923572494,6.9134777521873785,1.2,33.75,43.37951730508368
8.0,BAT,Rajat Patidar,RCB,45.374605718062455,"[36.29271348191741, 35.40591999342943, 76.68093256572863, 48.71421912887725, 29.7792434203596]",44.72477481516462,43.88127893516819,0.45576098574034346,44.724774815164615,44.724774815164615,0.028135901233211948,1.2,36.0,45.56582092972969
7.5,WK,Jitesh Sharma,RCB,36.44753199401572,"[40.60044388433297, 48.572658942451646, 30.130155562978004, 28.703426672087037, 34.230974908228944]",34.15095466308633,39.718232663491634,0.3738711997090294,34.15095466308633,34.15095466308633,-3.260817022257271,1.2,33.75,38.07117202480953
7.5,BOWL,Lungi Ngidi,RCB,30.94157799579626,"[21.46644775395414, 47.62443916198605, 27.975390111311764, 35.84957258589841, 21.79204036583093]",39.620121369676966,32.45859614425152,0.33468593973395144,39.62012136967697,39.62012136967697,-1.1123681352334063,1.2,33.75,41.61419932064642
8.5,WK,Philip Salt,RCB,39.25869833209887,"[27.65100476897357, 36.48020611081919, 60.49152827998306, 36.309216885771406, 35.36153561494712]",42.53246873540134,36.53015029938318,0.3156642486289061,42.532468735401345,42.532468735401345,1.525007246689929,1.2,38.25,45.39198104048632
8.0,AR,Liam Livingstone,RCB,32.65040238129893,"[9.26694850042312, 62.751690858000266, 20.31183396315381, 10.897571430683104, 60.02396715423437]",38.669274352637814,28.878817054904225,0.524504439647419,38.669274352637814,38.669274352637814,4.965991788030528,1.2,36.0,43.75796287386348
8.5,BOWL,Josh Hazlewood,RCB,37.26640736704542,"[47.688148125630654, 29.649182383921413, 27.33507403176713, 52.47072415617929, 29.18890813772861]",45.75004187123671,40.20379043093704,0.3259185690279493,45.75004187123671,45.75004187123671,-1.4176938203546279,1.2,38.25,48.201704330938114
8.0,BOWL,Bhuvneshwar Kumar,RCB,33.477325110711426,"[54.88955549492614, 31.445997081777996, 26.25244542569563, 19.55300256861793, 35.245624982539425]",42.86055522269204,40.196118945111365,0.38378534359292765,42.86055522269204,42.86055522269204,-5.118085553793357,1.2,36.0,43.496446808239824
7.0,AR,Swapnil Singh,RCB,23.71464959651012,"[31.28171613315648, 19.23330645497681, 14.437905958478115, 14.173918323764502, 39.44640111217471]",33.96390205543004,26.461003762345378,0.47278332869200757,33.96390205543003,33.96390205543003,1.1269981826824136,1.2,31.5,36.65775058563937
9.0,BAT,Virat Kohli,RCB,51.468800768176415,"[41.362203465599926, 52.98286861987247, 43.30237143006938, 54.7732028805282, 64.9233574448121]",45.85455139151346,47.530292636751824,0.4296052724361614,45.85455139151345,45.85455139151345,4.891264221908004,1.2,40.5,52.39839418341928
5.0,BAT,Vaibhav Suryavanshi,RR,21.750412247569294,"[12.740167401417054, 27.422696433085157, 39.42033425525141, 17.52160923510523, 11.647253912987615]",25.357822394383057,21.759689375537384,0.4854092967659263,25.35782239438306,25.35782239438306,-1.2086914174838839,1.2,22.5,25.604457317953557
5.0,BOWL,Ashok Sharma,RR,27.25856499219365,"[15.859695940359812, 34.04417643767089, 23.316308978811247, 48.94722868636931, 14.125414917757023]",25.098205085133163,25.14173721861264,0.44794901498813877,25.098205085133163,25.098205085133163,1.1434490203492844,1.2,22.5,29.41452074242955
6.0,BOWL,Kwena Maphaka,RR,25.488177324614632,"[18.340610107306183, 29.118098399427165, 19.75219913043686, 27.919198756733596, 32.31078022916937]",27.893518896975515,22.798862269022987,0.40259159962324065,27.893518896975515,27.893518896975515,2.6741440601032793,1.2,27.0,33.54292519270335
5.0,WK,Kunal Singh Rathore,RR,20.902718285117352,"[12.15800254716032, 10.439734114667564, 38.480720783992986, 19.156266620539984, 24.278867359225917]",24.207132805766435,17.95226657987595,0.373746047385664,24.207132805766435,24.207132805766435,3.29582621300036,1.2,22.5,27.04817954870037
7.0,BOWL,Akash Madhwal,RR,26.28471149039391,"[15.340039419124194, 44.88476926686949, 31.28510155805852, 22.226870071071986, 17.686777136845347]",36.0876997745076,26.261972828227318,0.39897706422412926,36.0876997745076,36.0876997745076,-1.7964423760355215,1.2,31.5,37.04839706463585
5.5,BAT,Shubham Dubey,RR,31.520956914702293,"[37.5874504706368, 19.662934061558616, 35.37926292851576, 39.20758800263232, 25.767549110167984]",28.654823982636564,31.769921320893168,0.40743157479805053,28.654823982636564,28.654823982636564,-0.4095148779863968,1.2,24.75,30.825519385013493
6.5,AR,Yudhvir Singh Charak,RR,34.19958793813651,"[17.878075720716303, 34.777297659335744, 45.9233442860446, 26.642540973129886, 45.776681051456016]",34.64692626578807,29.76158207736938,0.5133081649849652,34.64692626578807,34.64692626578807,4.766245397527357,1.2,29.25,38.51580388907381
7.5,BOWL,Maheesh Theekshana,RR,46.46730782420873,"[58.60860339475919, 40.58900182814117, 29.75303142871112, 53.86963730688121, 49.51626516255098]",37.88212943893521,48.32829282941233,0.39876905652923017,37.88212943893521,37.88212943893521,-0.4904040985676496,1.2,33.75,45.49433785069487
7.5,WK,Dhruv Jurel,RR,31.979177653152334,"[31.262916468704105, 20.67770681938608, 56.00800517585074, 23.853495356197246, 28.0937644456235]",38.30214709413774,32.72025792782931,0.3818827660961874,38.30214709413774,38.30214709413774,-0.3162515509350078,1.2,33.75,39.40375510035934
6.0,BOWL,Kumar Kartikeya,RR,26.040061383121838,"[18.004190156836486, 20.796168211141957, 33.80639029807897, 34.28242532197772, 23.311132927574064]",29.932236621830757,23.944506200554212,0.2955820386383041,29.932236621830757,29.932236621830757,2.4100142652310925,1.2,27.0,34.31470269585015
9.0,BAT,Yashasvi Jaiswal,RR,42.92097608340136,"[9.265069998262868, 33.646578259244606, 52.22903447444363, 56.98057513977381, 62.48362254528188]",47.961590673580645,30.858167261345173,0.45607476258117263,47.961590673580645,47.961590673580645,12.977110197456721,1.2,40.5,53.88070346327107
7.0,BOWL,FazalHaq Farooqi,RR,48.97845062364059,"[47.70826159233007, 46.16478777493441, 40.34242651434363, 47.24644365785328, 63.43033357874154]",36.65838901411296,45.07213218457112,0.35476201404740393,36.65838901411296,36.65838901411296,3.252579985574174,1.2,31.5,45.226359005067984
8.0,AR,Riyan Parag,RR,43.25252617735888,"[46.6025424112691, 56.2248149665577, 47.34383188726039, 31.77164779388008, 34.3197938278271]",47.96051493102196,47.182321879253095,0.4220560175671229,47.96051493102196,47.96051493102196,-4.9018664339561635,1.2,36.0,45.03635374800295
7.5,BOWL,Tushar Deshpande,RR,40.870147630724816,"[17.735655581904286, 27.394211120306945, 51.87061389282589, 37.08858934186929, 70.26166821671767]",41.04914436376355,32.23071700349939,0.382560223928223,41.04914436376355,41.04914436376355,11.474640349118909,1.2,33.75,50.01599357540668
8.0,BOWL,Jofra Archer,RR,37.499714546909765,"[56.37225567576165, 32.388788445723975, 24.067584128345327, 49.23602769953612, 25.43391678518173]",46.169936672057055,42.18099545441321,0.32525388928136734,46.16993667205705,46.16993667205705,-4.502943852734771,1.2,36.0,45.44501281497755
8.5,AR,Wanindu Hasaranga,RR,39.87468226508979,"[34.60546966982263, 40.24720112341495, 45.44613914274383, 50.86098598338519, 28.213615406082347]",43.85118866847884,39.14532881583764,0.45383272320815593,43.851188668478834,43.851188668478834,-0.216992366751038,1.2,38.25,46.05059069773847
7.5,AR,Nitish Rana,RR,30.666300032114112,"[31.966205781237125, 22.01266360710248, 44.333904662816025, 38.3248707330592, 16.693855376355728]",33.42346865617351,30.95737943738877,0.5306965163368251,33.42346865617351,33.42346865617351,-1.4232493683806073,1.2,33.75,37.40565497140895
7.5,BAT,Shimron Hetmyer,RR,38.09714929288958,"[38.03072953179885, 48.25581051052031, 39.56737105566005, 54.87060437869333, 9.761230987775363]",44.78196497074739,41.12481607875486,0.33001218315639264,44.781964970747396,44.781964970747396,-4.992420321987398,1.2,33.75,40.55909315693295
7.5,BOWL,Sandeep Sharma,RR,42.737398358243,"[40.84160564401999, 41.078729333428896, 63.80307060351472, 30.99618441136468, 36.96740179888669]",38.983017852901554,43.50944223688241,0.4289976147952872,38.983017852901554,38.983017852901554,-1.7830952612330861,1.2,33.75,43.79635319614134
9.0,WK,Sanju Samson,RR,47.70982871204129,"[24.201855917561662, 48.53623099652143, 34.120903774495275, 59.576465258428414, 72.11368761319966]",48.32343769053971,38.65251285255564,0.40819983822717965,48.323437690539706,48.323437690539706,10.686389765318292,1.2,40.5,54.48546825096624
5.0,BAT,Aniket Verma,SRH,16.062000575137624,"[16.760543490117126, 12.434736467692614, 3.603433350596645, 13.6077899405487, 33.903499626733044]",25.433465188614502,15.31284648972526,0.47915593765051073,25.433465188614505,25.433465188614505,3.5458965746087916,1.2,22.5,26.932660658883687
6.0,BOWL,Eshan Malinga,SRH,35.14891711156807,"[44.81589167294003, 13.860774680643251, 34.81637313888361, 51.76322612491182, 30.488319940461626]",27.564392126786302,33.88519481418029,0.537401704568968,27.5643921267863,27.5643921267863,0.924730797931171,1.2,27.0,35.14599904452973
8.0,AR,K Nitish Reddy,SRH,41.07975389484044,"[16.623167829559424, 31.853405356513736, 50.68944293436612, 44.42797483735141, 61.804778516411496]",47.6344095254818,31.80172070315983,0.4354903828320945,47.6344095254818,47.6344095254818,10.293779085454178,1.2,36.0,50.44448832684054
6.5,BAT,Abhinav Manohar,SRH,37.335048552347445,"[40.593374150227824, 69.88644655122944, 5.1944712278769565, 45.65927429759369, 25.341676534809302]",30.56159432261135,41.69599745148858,0.5181319436017138,30.561594322611352,30.561594322611352,-5.473056748447285,1.2,29.25,33.44168363607229
6.5,BAT,Atharva Taide,SRH,34.341495758838484,"[17.137135129329817, 27.72765217177014, 24.16916857257245, 46.58367563925649, 56.08984728126354]",31.20691233215775,25.69203584202935,0.3814181630825171,31.20691233215776,31.20691233215776,9.676144777135379,1.2,29.25,38.8838491680156
6.0,BOWL,Simarjeet- Singh,SRH,33.73973461042434,"[57.824139249972745, 34.138630177635235, 36.5011693494058, 22.488149907227932, 17.74658436788001]",31.31507178433529,42.337287226508,0.41838363814495116,31.315071784335284,31.315071784335284,-9.180559003459283,1.2,27.0,32.061963171642155
6.5,BOWL,Rahul Chahar,SRH,35.868501970365514,"[46.554812776200535, 29.01362871376701, 28.482045505711312, 37.94857333344312, 37.34344952270561]",36.28148860487461,38.82430537048984,0.42984093339287294,36.28148860487461,36.28148860487461,-0.9487781887313805,1.2,29.25,39.41399373456959
8.5,AR,Abhishek Sharma,SRH,47.78603846296373,"[27.38403981274425, 16.40387228377324, 48.45947303098895, 106.9876587356462, 39.695148451666014]",48.45994366088238,37.712848610510896,0.5150923196448162,48.459943660882374,48.459943660882374,11.520600372971652,1.2,38.25,54.25319839339888
7.0,BAT,Kamindu Mendis,SRH,37.593326486196744,"[54.96085588803789, 27.182988912897294, 42.71639867392102, 41.61481095410373, 21.49157800202377]",35.52980268616525,42.44711586040851,0.36795300561128114,35.52980268616525,35.52980268616525,-5.250673373082189,1.2,31.5,36.5958445884983
7.0,AR,Wiaan Mulder,SRH,31.28591010923511,"[29.96794757244025, 25.67039213251545, 39.5380797283972, 26.667407044315, 34.585724068507666]",30.678152405728245,30.165654699343122,0.40650761348033726,30.67815240572825,30.67815240572825,1.0232567903934358,1.2,31.5,36.49651427765384
5.5,BOWL,Zeeshan Ansari,SRH,22.90377630101498,"[32.72397571033231, 30.59521246115804, 17.6732991534995, 19.0213833576818, 14.505010822403248]",27.10099883920579,27.10497842121032,0.4107439267768937,27.10099883920579,27.10099883920579,-4.801175887933442,1.2,24.75,28.201076276497684
8.0,WK,Ishan Kishan,SRH,39.46223528595974,"[31.60900730257711, 29.054243614904568, 39.52793239749761, 32.76559464844073, 64.3543984663787]",41.02182328162806,34.54637647629096,0.31335381909801396,41.02182328162806,41.02182328162806,6.920213336113932,1.2,36.0,46.3498053404666
9.0,WK,Heinrich Klaasen,SRH,49.70750265705954,"[77.25784847226795, 33.15017216423904, 23.727605717982023, 60.9860478007516, 53.41583913005709]",50.080161413238365,54.86487637786277,0.29694565489183705,50.08016141323837,50.08016141323837,-1.9848143047909246,1.2,40.5,51.30073017178402
6.5,BAT,Sachin Baby,SRH,35.607144077661765,"[19.53675090635136, 51.22152951716798, 22.96349662582845, 56.15671405936542, 28.15722927959561]",30.198612609037074,32.16443285209302,0.56364165325019,30.198612609037074,30.198612609037074,2.2176141288685933,1.2,29.25,35.659616144534596
9.0,BAT,Travis Head,SRH,50.910310653435054,"[66.78415931983213, 32.34903324697722, 55.85003261765905, 29.37097453090445, 70.19735355180242]",48.338991812442636,51.507516302186914,0.39506364074091643,48.338991812442636,48.338991812442636,0.3848329747867749,1.2,40.5,51.394401241129714
7.5,BOWL,Adam Zampa,SRH,42.09390246637791,"[49.64155599093508, 32.81753687463831, 54.92520041007224, 39.99610572921689, 33.08911332702705]",38.70353837032532,43.507485636729406,0.3360183841776891,38.70353837032531,38.70353837032531,-2.592631647323752,1.2,33.75,43.1921158200495
8.0,BOWL,Harshal Patel,SRH,32.539869343802266,"[36.14618875310276, 33.87396559743654, 44.6669295041307, 19.922885264328524, 28.08937760001282]",42.01055152505291,35.3225130591715,0.40201426189409445,42.01055152505291,42.01055152505291,-3.0064702639287924,1.2,36.0,43.329287619361345
8.5,BOWL,Pat Cummins,SRH,39.106845340931265,"[48.90428257701242, 40.58800235671544, 29.001907623851544, 42.75348017270079, 34.28655397437615]",45.09291756483036,41.4181899114006,0.4196905865513857,45.09291756483036,45.09291756483036,-2.7069979389287213,1.2,38.25,47.48168460991771
8.5,BOWL,Mohammed Shami,SRH,42.27531853632134,"[29.399933441326866, 32.97098847089296, 51.881507888162325, 81.70398756371351, 15.42017531751106]",45.139649167266,38.29232114086575,0.40125244470656846,45.13964916726599,45.13964916726599,2.0773482845188926,1.2,38.25,49.744168442380854
7.0,BOWL,Jaydev Unadkat,SRH,42.42321694683744,"[49.56917961966264, 53.10700680056746, 30.63769253007272, 44.85823956363703, 33.94396622024739]",36.89499021817557,46.0116074068212,0.3622655551906689,36.89499021817557,36.89499021817557,-3.9499194035760916,1.2,31.5,40.95981107300075
